fecha,nieve_original,nieve_transformada,nieve_estacionaria,savi_original,savi_transformada,savi_estacionaria,agua_original,agua_transformada,agua_estacionaria
1986-01-01,11242.755182334067,9.327568158606715,9.327568158606715,,,,,,
1986-02-01,6798.497939726142,8.824604056045239,8.824604056045239,,,,,,
1986-03-01,494.3580154859242,6.205280764747542,6.205280764747542,,,,,,
1986-04-01,1874.87927320822,7.5368327741948855,7.5368327741948855,,,,,,
1986-05-01,6499.168809170365,8.779583426188092,8.779583426188092,,,,,,
1986-06-01,19584.493432020387,9.882544440167056,9.882544440167056,,,,,,
1986-07-01,34832.67873828084,10.458339977601238,10.458339977601238,,,,,,
1986-08-01,78407.13359040946,11.269682945733013,11.269682945733013,,,,,,
1986-09-01,22685.726236438288,10.029535285144652,10.029535285144652,,,,,,
1986-10-01,5780.639059965112,8.662442495855233,8.662442495855233,,,,,,
1986-11-01,13671.05901459925,9.523109541243048,9.523109541243048,,,,,,
1986-12-01,1129.0650275606956,7.030030456564539,7.030030456564539,,,,,,
1987-01-01,497.2252399933673,6.211052263916057,6.211052263916057,,,,,,
1987-02-01,555.6890320232945,6.322006793222961,6.322006793222961,,,,,,
1987-03-01,1097.975707496184,7.002133849970225,7.002133849970225,,,,,,
1987-04-01,3098.202732901562,8.038900174461055,8.038900174461055,,,,,,
1987-05-01,7916.0235324772975,8.976770597565311,8.976770597565311,,,,,,
1987-06-01,13044.339315148283,9.476186208359282,9.476186208359282,,,,,,
1987-07-01,21581.739993876163,9.97964919988458,9.97964919988458,,,,,,
1987-08-01,11836.78769305481,9.379052040730565,9.379052040730565,,,,,,
1987-09-01,6622.857383838392,8.798433165615682,8.798433165615682,,,,,,
1987-10-01,7625.34967973374,8.939364592989886,8.939364592989886,,,,,,
1987-11-01,3614.194661372401,8.192900981378896,8.192900981378896,,,,,,
1987-12-01,2024.962508487257,7.61380017944849,7.61380017944849,,,,,,
1988-01-01,585.470830874313,6.374122932627097,6.374122932627097,,,,,,
1988-02-01,350.89358771440334,5.863328822264398,5.863328822264398,,,,,,
1988-03-01,294.8427382142491,5.689828023322891,5.689828023322891,,,,,,
1988-04-01,3284.211169067149,8.097186211673709,8.097186211673709,,,,,,
1988-05-01,10013.503237392984,9.211789645011791,9.211789645011791,,,,,,
1988-06-01,5036.812568416305,8.524727252650875,8.524727252650875,,,,,,
1988-07-01,13774.077147210251,9.530616234528862,9.530616234528862,,,,,,
1988-08-01,1810.0826463168864,7.501680092577577,7.501680092577577,,,,,,
1988-09-01,753.5760505469613,6.626156069081893,6.626156069081893,,,,,,
1988-10-01,18846.32434599306,9.84412623829143,9.84412623829143,,,,,,
1988-11-01,285.1680666058543,5.656579283698879,5.656579283698879,,,,,,
1988-12-01,210.7244797750928,5.355285805726324,5.355285805726324,,,,,,
1989-01-01,236.8835704471609,5.471781354172368,5.471781354172368,,,,,,
1989-02-01,255.04626999646317,5.545358170321348,5.545358170321348,,,,,,
1989-03-01,466.7334641396672,6.147898612609834,6.147898612609834,,,,,,
1989-04-01,8841.266301638749,9.08729849173844,9.08729849173844,,,,,,
1989-05-01,5111.585971473537,8.539460616145815,8.539460616145815,,,,,,
1989-06-01,57186.10866862292,10.954083779041422,10.954083779041422,,,,,,
1989-07-01,27027.38820715002,10.204643007716394,10.204643007716394,,,,,,
1989-08-01,7429.505127169024,8.913349120215077,8.913349120215077,,,,,,
1989-09-01,4235.39185642003,8.351467208679882,8.351467208679882,,,,,,
1989-10-01,1783.8881877587185,7.487111052340696,7.487111052340696,,,,,,
1989-11-01,754.9920972210391,6.628030922713572,6.628030922713572,,,,,,
1989-12-01,330.07233474528897,5.802336885475675,5.802336885475675,,,,,,
1990-01-01,2804.88512659694,7.939474321334361,7.939474321334361,,,,,,
1990-02-01,340.0368389293708,5.831990503499416,5.831990503499416,,,,,,
1990-03-01,25455.965675719533,10.14474468495074,10.14474468495074,,,,,,
1990-04-01,668.3761766785798,6.506346199076964,6.506346199076964,,,,,,
1990-05-01,38788.03626334921,10.565892915148552,10.565892915148552,,,,,,
1990-06-01,73858.30128959996,11.20991722843221,11.20991722843221,,,,,,
1990-07-01,35865.95323105685,10.487571627723275,10.487571627723275,,,,,,
1990-08-01,15471.37355889394,9.646811361590721,9.646811361590721,,,,,,
1990-09-01,7108.676935016941,8.869212083651997,8.869212083651997,,,,,,
1990-10-01,4100.832703021309,8.319189153554236,8.319189153554236,,,,,,
1990-11-01,2273.5243286494574,7.72952622321553,7.72952622321553,,,,,,
1990-12-01,737.4135458378024,6.6045040278711395,6.6045040278711395,,,,,,
1991-01-01,414.132809144858,6.028598491070372,6.028598491070372,,,,,,
1991-02-01,282.44396359634715,5.647014444358494,5.647014444358494,,,,,,
1991-03-01,287.4391402399159,5.664484111319931,5.664484111319931,,,,,,
1991-04-01,387.6464488472629,5.962670058486055,5.962670058486055,,,,,,
1991-05-01,4831.318265697414,8.483081603690891,8.483081603690891,,,,,,
1991-06-01,2530.955537301686,7.836747222802492,7.836747222802492,,,,,,
1991-07-01,14652.388942563972,9.592426914830689,9.592426914830689,,,,,,
1991-08-01,8985.561239639987,9.103485544795252,9.103485544795252,,,,,,
1991-09-01,3612.118676331982,8.192326577641673,8.192326577641673,,,,,,
1991-10-01,7514.563888062751,8.924731334377114,8.924731334377114,,,,,,
1991-11-01,1142.2440571065415,7.0416251642797745,7.0416251642797745,,,,,,
1991-12-01,1699.2232760400932,7.4385148602672295,7.4385148602672295,,,,,,
1992-01-01,212.59201604937329,5.364067728341458,5.364067728341458,,,,,,
1992-02-01,1935.0970945699464,7.568429418732843,7.568429418732843,,,,,,
1992-03-01,3234.546608790045,8.08195315983014,8.08195315983014,,,,,,
1992-04-01,5888.724577801257,8.680964514567798,8.680964514567798,,,,,,
1992-05-01,16411.69273475902,9.705810261710967,9.705810261710967,,,,,,
1992-06-01,22424.271949446866,10.0179438139191,10.0179438139191,,,,,,
1992-07-01,27397.19755548265,10.21823250756577,10.21823250756577,,,,,,
1992-08-01,31235.41817838247,10.349339942398883,10.349339942398883,,,,,,
1992-09-01,7816.881884144478,8.964168938045432,8.964168938045432,,,,,,
1992-10-01,4308.344145192889,8.3685410010298,8.3685410010298,,,,,,
1992-11-01,1343.4082359854556,7.203709221974298,7.203709221974298,,,,,,
1992-12-01,836.3640777926593,6.730258955354991,6.730258955354991,,,,,,
1993-01-01,413.9991360803954,6.028276438494545,6.028276438494545,,,,,,
1993-02-01,1093.4286184906548,6.997987696463019,6.997987696463019,,,,,,
1993-03-01,1600.8310302158045,7.37890264779322,7.37890264779322,,,,,,
1993-04-01,2249.6721305081714,7.7189841752594335,7.7189841752594335,,,,,,
1993-05-01,1036.5467940189176,6.944614353756595,6.944614353756595,,,,,,
1993-06-01,11373.049803614642,9.33908970658185,9.33908970658185,,,,,,
1993-07-01,5246.007521943729,8.565413197256055,8.565413197256055,,,,,,
1993-08-01,111530.32012294824,11.622060728401525,11.622060728401525,,,,,,
1993-09-01,55824.078211169006,10.92997847771354,10.92997847771354,,,,,,
1993-10-01,7622.983043034466,8.93905422117554,8.93905422117554,,,,,,
1993-11-01,1143.587089497088,7.042799230422561,7.042799230422561,,,,,,
1993-12-01,538.6594908164831,6.290938368101758,6.290938368101758,,,,,,
1994-01-01,219.17003994296425,5.394400156643806,5.394400156643806,,,,,,
1994-02-01,193.9648104842816,5.272819083224086,5.272819083224086,,,,,,
1994-03-01,115.60483370980438,4.7587907285443105,4.7587907285443105,,,,,,
1994-04-01,108.40731738309348,4.695077774251019,4.695077774251019,,,,,,
1994-05-01,1473.7142616556182,7.296219529096155,7.296219529096155,,,,,,
1994-06-01,1626.0102351968678,7.394499398039366,7.394499398039366,,,,,,
1994-07-01,1574.1532504910429,7.3621078484252855,7.3621078484252855,,,,,,
1994-08-01,3678.2515849549927,8.210464636826217,8.210464636826217,,,,,,
1994-09-01,1801.5034769957945,7.496931798142428,7.496931798142428,,,,,,
1994-10-01,1452.5444422020262,7.281760295521881,7.281760295521881,,,,,,
1994-11-01,369.4873290654395,5.914819244597854,5.914819244597854,,,,,,
1994-12-01,182.33605424187087,5.211320830767571,5.211320830767571,,,,,,
1995-01-01,238.18417564591945,5.4772338645616925,5.4772338645616925,,,,,,
1995-02-01,608.0113024146901,6.4118368265109,6.4118368265109,,,,,,
1995-03-01,721.3482238954065,6.582507327185639,6.582507327185639,,,,,,
1995-04-01,568.9111071126918,6.345480396232876,6.345480396232876,,,,,,
1995-05-01,12138.969007476531,9.40425851168408,9.40425851168408,,,,,,
1995-06-01,4687.813874967558,8.452934924330243,8.452934924330243,,,,,,
1995-07-01,3179.5754905432245,8.064817431269727,8.064817431269727,,,,,,
1995-08-01,1907.4669185116013,7.554055538271156,7.554055538271156,,,,,,
1995-09-01,566.6039293950029,6.341423868086102,6.341423868086102,,,,,,
1995-10-01,4822.261716660028,8.481205682884513,8.481205682884513,,,,,,
1995-11-01,502.3364125144599,6.221258758700545,6.221258758700545,,,,,,
1995-12-01,116.2465168819928,4.764278700121746,4.764278700121746,,,,,,
1996-01-01,50.25933474665112,3.936897742830858,3.936897742830858,,,,,,
1996-02-01,110.07280702773576,4.710185905460166,4.710185905460166,,,,,,
1996-03-01,236.8247882150948,5.471534218584797,5.471534218584797,,,,,,
1996-04-01,272.24421623400315,5.610365960259909,5.610365960259909,,,,,,
1996-05-01,11632.553703712383,9.361648762355518,9.361648762355518,,,,,,
1996-06-01,1062.139634144382,6.968981728270561,6.968981728270561,,,,,,
1996-07-01,17280.31012623224,9.757380856974338,9.757380856974338,,,,,,
1996-08-01,10308.295401350044,9.240801233390478,9.240801233390478,,,,,,
1996-09-01,96430.2829175613,11.476585939549098,11.476585939549098,,,,,,
1996-10-01,10840.768395944817,9.291161397845652,9.291161397845652,,,,,,
1996-11-01,1896.8376747982563,7.548470451170127,7.548470451170127,,,,,,
1996-12-01,427.4565406773384,6.060189310904401,6.060189310904401,,,,,,
1997-01-01,1268.9205897934582,7.146709649776011,7.146709649776011,,,,,,
1997-02-01,1504.276466620083,7.316731859063312,7.316731859063312,,,,,,
1997-03-01,1054.4159209514637,6.961690206087523,6.961690206087523,,,,,,
1997-04-01,1192.4780115756178,7.0846270221283305,7.0846270221283305,,,,,,
1997-05-01,6481.052988672724,8.776792558409321,8.776792558409321,,,,,,
1997-06-01,6606.156021978498,8.795908586398937,8.795908586398937,,,,,,
1997-07-01,11601.043411752413,9.35893651776633,9.35893651776633,,,,,,
1997-08-01,7573.658708494649,8.932563574378358,8.932563574378358,,,,,,
1997-09-01,13305.68837343336,9.496022073026003,9.496022073026003,,,,,,
1997-10-01,7186.468222228255,8.880094263840633,8.880094263840633,,,,,,
1997-11-01,1910.419966165076,7.555601682610459,7.555601682610459,,,,,,
1997-12-01,2603.2252254941445,7.864890491713479,7.864890491713479,,,,,,
1998-01-01,3172.746460930314,8.06266801791163,8.06266801791163,,,,,,
1998-02-01,3386.985692597009,8.127990832798746,8.127990832798746,,,,,,
1998-03-01,456.9533524756538,6.126767328437233,6.126767328437233,,,,,,
1998-04-01,1074.0105156489365,6.98008572251293,6.98008572251293,,,,,,
1998-05-01,8460.77453916689,9.043314187007176,9.043314187007176,,,,,,
1998-06-01,6046.710470539986,8.707435044778945,8.707435044778945,,,,,,
1998-07-01,25828.388298780388,10.159268203996861,10.159268203996861,,,,,,
1998-08-01,5814.312547006306,8.668249811918741,8.668249811918741,,,,,,
1998-09-01,3098.7008377467755,8.039060881863778,8.039060881863778,,,,,,
1998-10-01,2573.721666129298,7.853496716432029,7.853496716432029,,,,,,
1998-11-01,313.047581512206,5.749544507906578,5.749544507906578,,,,,,
1998-12-01,588.3153243320887,6.378961395802535,6.378961395802535,,,,,,
1999-01-01,158.0790676919295,5.069401359698287,5.069401359698287,,,,,,
1999-02-01,273.57923522877144,5.615239872225473,5.615239872225473,,,,,,
1999-03-01,948.546717996436,6.855984731776456,6.855984731776456,,,,,,
1999-04-01,1653.2284675407304,7.411089996359354,7.411089996359354,,,,,,
1999-05-01,340.05908592684426,5.832055734786309,5.832055734786309,,,,,,
1999-06-01,1126.7724238032729,7.027999659755889,7.027999659755889,,,,,,
1999-07-01,99371.8744761627,11.50663446280877,11.50663446280877,,,,,,
1999-08-01,30222.578839966347,10.316377655021597,10.316377655021597,,,,,,
1999-09-01,8681.703231518837,9.069088191372085,9.069088191372085,,,,,,
1999-10-01,7038.385574448196,8.859276168986495,8.859276168986495,,,,,,
1999-11-01,1118.891114417086,7.020986740292582,7.020986740292582,,,,,,
1999-12-01,666.3454063897026,6.503307762536468,6.503307762536468,,,,,,
2000-01-01,416.385674194332,6.034010672526389,6.034010672526389,,,,,,
2000-02-01,439.926455166756,6.08887809321011,6.08887809321011,,,,,,
2000-03-01,324.7849876549916,5.786237616699278,5.786237616699278,,,,,,
2000-04-01,331.42759599193545,5.806422079968306,5.806422079968306,,,,,,
2000-05-01,5846.084349219223,8.673698414139553,8.673698414139553,,,,,,
2000-06-01,117283.95851994064,11.672361795557741,11.672361795557741,,,,,,
2000-07-01,5711.637476824371,8.650436100877759,8.650436100877759,,,,,,
2000-08-01,1941.814309237575,7.571892875709843,7.571892875709843,,,,,,
2000-09-01,2072.2209156583945,7.636858674851578,7.636858674851578,,,,,,
2000-10-01,570.0764302581853,6.347523054040281,6.347523054040281,,,,,,
2000-11-01,260.43961541433225,5.566203340642145,5.566203340642145,,,,,,
2000-12-01,340.84915220473613,5.834369564335479,5.834369564335479,,,,,,
2001-01-01,2662.875269291982,7.887537209727807,7.887537209727807,,,,,,
2001-02-01,919.5447095508508,6.824965570434234,6.824965570434234,,,,,,
2001-03-01,2694.805358164715,7.899452272899462,7.899452272899462,,,,,,
2001-04-01,1869.305058829431,7.533856829607748,7.533856829607748,,,,,,
2001-05-01,13695.68773480659,9.524909311402851,9.524909311402851,,,,,,
2001-06-01,2456.544085505272,7.806917791028381,7.806917791028381,,,,,,
2001-07-01,1247.3575283710206,7.129583988968031,7.129583988968031,,,,,,
2001-08-01,1219.8859952451417,7.107332099763857,7.107332099763857,,,,,,
2001-09-01,2469.496230634568,7.8121743125346175,7.8121743125346175,,,,,,
2001-10-01,1426.9272139218328,7.263979170957509,7.263979170957509,,,,,,
2001-11-01,614.858522374156,6.423017265684463,6.423017265684463,,,,,,
2001-12-01,482.23887785912297,6.180511102529477,6.180511102529477,,,,,,
2002-01-01,233.41784569913204,5.457105188333568,5.457105188333568,,,,,,
2002-02-01,277.7087150782461,5.630167204462738,5.630167204462738,,,,,,
2002-03-01,2743.53440719566,7.917366724692434,7.917366724692434,,,,,,
2002-04-01,473.1929161831537,6.1616142350615934,6.1616142350615934,,,,,,
2002-05-01,38036.80643766196,10.546335850371579,10.546335850371579,,,,,,
2002-06-01,27661.93518483932,10.227848716177334,10.227848716177334,,,,,,
2002-07-01,111527.92305497284,11.622039235840221,11.622039235840221,,,,,,
2002-08-01,41101.19814937735,10.623816882007384,10.623816882007384,,,,,,
2002-09-01,14581.364357357224,9.587568156843213,9.587568156843213,,,,,,
2002-10-01,6339.871030456963,8.754771424502017,8.754771424502017,,,,,,
2002-11-01,33736.11776645661,10.426353927627595,10.426353927627595,,,,,,
2002-12-01,3007.291980553867,8.009127748362216,8.009127748362216,,,,,,
2003-01-01,2415.0622479330323,7.789894323595741,7.789894323595741,,,,,,
2003-02-01,1652.093807917869,7.410403846312352,7.410403846312352,,,,,,
2003-03-01,1728.8475169364722,7.455788543108073,7.455788543108073,,,,,,
2003-04-01,1667.9205180413142,7.419932300024142,7.419932300024142,,,,,,
2003-05-01,6104.539000111672,8.716951670954202,8.716951670954202,,,,,,
2003-06-01,7287.392060605271,8.894038232855838,8.894038232855838,,,,,,
2003-07-01,11862.140328786129,9.381191420705708,9.381191420705708,,,,,,
2003-08-01,22364.22908265388,10.015262758723226,10.015262758723226,,,,,,
2003-09-01,6253.492214910742,8.741055238935937,8.741055238935937,,,,,,
2003-10-01,2545.63312162406,7.842527421268554,7.842527421268554,,,,,,
2003-11-01,677.7123851708733,6.520197451916387,6.520197451916387,,,,,,
2003-12-01,255.7775311955932,5.548210072643602,5.548210072643602,,,,,,
2004-01-01,195.4794146031318,5.280557665532168,5.280557665532168,,,,,,
2004-02-01,454.91282361405786,6.12230161495291,6.12230161495291,,,,,,
2004-03-01,312.4254399772915,5.747561500773271,5.747561500773271,,,,,,
2004-04-01,608.9614013964103,6.413395678765994,6.413395678765994,,,,,,
2004-05-01,831.9902745157733,6.725021966847514,6.725021966847514,,,,,,
2004-06-01,784.8875138022466,6.666813669976795,6.666813669976795,,,,,,
2004-07-01,5226.083285538095,8.561608712302855,8.561608712302855,,,,,,
2004-08-01,17687.303306252332,9.780658869962195,9.780658869962195,,,,,,
2004-09-01,12821.173296772748,9.458931240036335,9.458931240036335,,,,,,
2004-10-01,2833.634638290307,7.949668332474099,7.949668332474099,,,,,,
2004-11-01,876.7363449082391,6.777346258001572,6.777346258001572,,,,,,
2004-12-01,363.6412021434201,5.89891386228719,5.89891386228719,,,,,,
2005-01-01,4428.226993455983,8.395980354236878,8.395980354236878,,,,,,
2005-02-01,606.3546622148178,6.409112907439889,6.409112907439889,,,,,,
2005-03-01,2482.320911182095,7.8173520204844325,7.8173520204844325,,,,,,
2005-04-01,1461.046834535164,7.287592674362403,7.287592674362403,,,,,,
2005-05-01,47816.67322688684,10.775150582925285,10.775150582925285,,,,,,
2005-06-01,12718.79326352262,9.450914583894315,9.450914583894315,,,,,,
2005-07-01,5622.368311330404,8.634686107006159,8.634686107006159,,,,,,
2005-08-01,2474.717433720306,7.814285505208184,7.814285505208184,,,,,,
2005-09-01,41152.66086570491,10.625068166077806,10.625068166077806,,,,,,
2005-10-01,12052.573107236492,9.397116418386535,9.397116418386535,,,,,,
2005-11-01,3353.283756607005,8.117993541251499,8.117993541251499,,,,,,
2005-12-01,1969.792432883467,7.5861909910457666,7.5861909910457666,,,,,,
2006-01-01,1746.9409031808198,7.46619374739501,7.46619374739501,,,,,,
2006-02-01,453.2735702222616,6.11869959414645,6.11869959414645,,,,,,
2006-03-01,277.52562006262946,5.629510048179791,5.629510048179791,,,,,,
2006-04-01,258.9797990790317,5.5606039321471705,5.5606039321471705,,,,,,
2006-05-01,12351.20489575038,9.42158986018967,9.42158986018967,,,,,,
2006-06-01,23277.844232271214,10.055300254232849,10.055300254232849,,,,,,
2006-07-01,5198.953359770033,8.556404935254301,8.556404935254301,,,,,,
2006-08-01,103575.0347550486,11.548061257289604,11.548061257289604,,,,,,
2006-09-01,14749.763930502708,9.599050152325301,9.599050152325301,,,,,,
2006-10-01,6313.225930445315,8.750560450936632,8.750560450936632,,,,,,
2006-11-01,661.9007729245144,6.496625315221194,6.496625315221194,,,,,,
2006-12-01,237.0625660714527,5.472533521777047,5.472533521777047,,,,,,
2007-01-01,249.77782303755865,5.524567379958937,5.524567379958937,,,,,,
2007-02-01,499.0387475918361,6.214685590603267,6.214685590603267,,,,,,
2007-03-01,661.5367947440856,6.4960760955544865,6.4960760955544865,,,,,,
2007-04-01,759.8045600678547,6.634376504993258,6.634376504993258,,,,,,
2007-05-01,1819.550469370384,7.50689419003835,7.50689419003835,,,,,,
2007-06-01,26558.173466080465,10.187130483606166,10.187130483606166,,,,,,
2007-07-01,58683.84477944677,10.979936791552397,10.979936791552397,,,,,,
2007-08-01,27512.117950725544,10.222418186308532,10.222418186308532,,,,,,
2007-09-01,27093.49687204027,10.207085918794418,10.207085918794418,,,,,,
2007-10-01,6623.711287081811,8.798562070596411,8.798562070596411,,,,,,
2007-11-01,4783.496632538604,8.473136101391837,8.473136101391837,,,,,,
2007-12-01,2831.2159324711142,7.948814699248425,7.948814699248425,,,,,,
2008-01-01,1577.41684662382,7.364177627879919,7.364177627879919,,,,,,
2008-02-01,198.326348377328,5.29494342308324,5.29494342308324,,,,,,
2008-03-01,159.47985818905445,5.078168440545827,5.078168440545827,,,,,,
2008-04-01,220.1058150418334,5.3986413880233535,5.3986413880233535,,,,,,
2008-05-01,21684.62254120132,9.984404764236514,9.984404764236514,,,,,,
2008-06-01,12488.239009824074,9.432622673307002,9.432622673307002,,,,,,
2008-07-01,10107.133381318476,9.221095664040185,9.221095664040185,,,,,,
2008-08-01,7761.919906823856,8.957113819055516,8.957113819055516,,,,,,
2008-09-01,7325.692182628298,8.899279421898765,8.899279421898765,,,,,,
2008-10-01,241.5882974294116,5.491365757215421,5.491365757215421,,,,,,
2008-11-01,153.74203398171576,5.041759433546461,5.041759433546461,,,,,,
2008-12-01,134.8177879651259,4.9113141930350235,4.9113141930350235,,,,,,
2009-01-01,175.39920994689646,5.172749664803571,5.172749664803571,,,,,,
2009-02-01,1824.418011239661,7.509564287043883,7.509564287043883,,,,,,
2009-03-01,219.98299574640956,5.398085756233602,5.398085756233602,,,,,,
2009-04-01,655.6202032552351,6.487105774096459,6.487105774096459,,,,,,
2009-05-01,346.2586006576136,5.850069749240228,5.850069749240228,,,,,,
2009-06-01,18966.248626305525,9.850469014260591,9.850469014260591,,,,,,
2009-07-01,28781.95354719282,10.267538600165102,10.267538600165102,,,,,,
2009-08-01,8671.116599941663,9.067868169154265,9.067868169154265,,,,,,
2009-09-01,2793.865210732668,7.935539159285961,7.935539159285961,,,,,,
2009-10-01,980.5574798191626,6.889140575240842,6.889140575240842,,,,,,
2009-11-01,153.5408147821574,5.0404582347974625,5.0404582347974625,,,,,,
2009-12-01,126.9385150730191,4.8515497975220825,4.8515497975220825,,,,,,
2010-01-01,122.6742589033634,4.817651164804437,4.817651164804437,,,,,,
2010-02-01,164.73287716629633,5.110377318548908,5.110377318548908,,,,,,
2010-03-01,174.18789726932928,5.1658590966032305,5.1658590966032305,,,,,,
2010-04-01,25278.84309494089,10.137762641554067,10.137762641554067,,,,,,
2010-05-01,70293.38764507113,11.160447240260062,11.160447240260062,,,,,,
2010-06-01,13081.76419176219,9.479050932329653,9.479050932329653,,,,,,
2010-07-01,3820.280637292228,8.248340890782908,8.248340890782908,,,,,,
2010-08-01,1836.7119450179248,7.5162765686628,7.5162765686628,,,,,,
2010-09-01,1176.433546002006,7.07109238778163,7.07109238778163,,,,,,
2010-10-01,872.9188342060946,6.772987504302043,6.772987504302043,,,,,,
2010-11-01,166.502795197552,5.121000038872461,5.121000038872461,,,,,,
2010-12-01,109.12154681874468,4.701584726840706,4.701584726840706,,,,,,
2011-01-01,90.67897937443352,4.518293120426644,4.518293120426644,,,,,,
2011-02-01,986.0621820912012,6.894733038554569,6.894733038554569,,,,,,
2011-03-01,433.7594612307682,6.074792915460545,6.074792915460545,,,,,,
2011-04-01,582.2372052553105,6.368593973679027,6.368593973679027,,,,,,
2011-05-01,13212.290171922705,9.488978433266144,9.488978433266144,,,,,,
2011-06-01,34224.48039722953,10.440725686500201,10.440725686500201,,,,,,
2011-07-01,26386.627191170155,10.180650512274571,10.180650512274571,,,,,,
2011-08-01,31961.87573972276,10.372330375172824,10.372330375172824,,,,,,
2011-09-01,8835.873843845335,9.08668845551312,9.08668845551312,,,,,,
2011-10-01,3346.0438540890223,8.11583280363192,8.11583280363192,,,,,,
2011-11-01,3033.3391109325075,8.017748923910673,8.017748923910673,,,,,,
2011-12-01,2088.1959020835334,7.644534535083833,7.644534535083833,,,,,,
2012-01-01,2058.470018023956,7.630203955879397,7.630203955879397,,,,,,
2012-02-01,1973.511259757812,7.588076183297333,7.588076183297333,,,,,,
2012-03-01,1505.6205352039142,7.3176243654619295,7.3176243654619295,,,,,,
2012-04-01,3903.382158538537,8.269854831712083,8.269854831712083,,,,,,
2012-05-01,17171.99694823482,9.75109348427668,9.75109348427668,,,,,,
2012-06-01,29300.252562203223,10.285385543654671,10.285385543654671,,,,,,
2012-07-01,10754.146673771387,9.283139679337465,9.283139679337465,,,,,,
2012-08-01,5375.488331610343,8.589790713570688,8.589790713570688,,,,,,
2012-09-01,5706.578879476193,8.649550198628415,8.649550198628415,,,,,,
2012-10-01,834.7636435016467,6.728345850026841,6.728345850026841,,,,,,
2012-11-01,857.6319937350881,6.755340417773941,6.755340417773941,,,,,,
2012-12-01,464.75032947268704,6.143649716883889,6.143649716883889,,,,,,
2013-01-01,425.4736608798475,6.055550608588261,6.055550608588261,,,,,,
2013-02-01,358.4653346461039,5.884617745936249,5.884617745936249,,,,,,
2013-03-01,263.7772203584974,5.578888794525929,5.578888794525929,,,,,,
2013-04-01,231.2782501468299,5.447936007096921,5.447936007096921,,,,,,
2013-05-01,25522.631456945,10.147360025804891,10.147360025804891,,,,,,
2013-06-01,126882.25838241514,11.751022717358719,11.751022717358719,,,,,,
2013-07-01,29660.37759515798,10.297601060842528,10.297601060842528,,,,,,
2013-08-01,13238.613055015936,9.49096860361196,9.49096860361196,,,,,,
2013-09-01,33776.88346770471,10.427561532025344,10.427561532025344,,,,,,
2013-10-01,15510.527149891965,9.649338713598926,9.649338713598926,,,,,,
2013-11-01,1848.3371052413463,7.522582532368721,7.522582532368721,,,,,,
2013-12-01,313.77325072113285,5.751852540636624,5.751852540636624,,,,,,
2014-01-01,34306.67366020658,10.443124330003938,10.443124330003938,,,,,,
2014-02-01,245.6604218212233,5.50801258026864,5.50801258026864,,,,,,
2014-03-01,4528.444981528924,8.418354690337022,8.418354690337022,,,,,,
2014-04-01,524.2528073811472,6.263879684558322,6.263879684558322,,,,,,
2014-05-01,222.16293094851315,5.407902136734569,5.407902136734569,,,,,,
2014-06-01,51769.1724816692,10.854569441581901,10.854569441581901,,,,,,
2014-07-01,12149.776403152717,9.405148348221132,9.405148348221132,,,,,,
2014-08-01,6366.01802871684,8.758886511600394,8.758886511600394,,,,,,
2014-09-01,5752.822288300271,8.65761965873713,8.65761965873713,,,,,,
2014-10-01,1806.871001133762,7.499905189476224,7.499905189476224,,,,,,
2014-11-01,374.3841517628119,5.92794990632681,5.92794990632681,,,,,,
2014-12-01,167.25316116170012,5.12546975682798,5.12546975682798,,,,,,
2015-01-01,145.84924266742638,4.989406500446628,4.989406500446628,,,,,,
2015-02-01,1749.3412373571812,7.4675660406844715,7.4675660406844715,,,,,,
2015-03-01,177.68894793322465,5.185646573208705,5.185646573208705,,,,,,
2015-04-01,48214.29811450744,10.78343163794948,10.78343163794948,,,,,,
2015-05-01,15100.748987437824,9.622565843078226,9.622565843078226,,,,,,
2015-06-01,23134.997981644738,10.049145037719757,10.049145037719757,,,,,,
2015-07-01,15211.212546687408,9.62985384125447,9.62985384125447,,,,,,
2015-08-01,18570.56827300126,9.82938710274649,9.82938710274649,,,,,,
2015-09-01,5397.875450505347,8.593945960958926,8.593945960958926,,,,,,
2015-10-01,7566.360518934278,8.931599609134901,8.931599609134901,,,,,,
2015-11-01,2993.8492372222813,8.004649171126376,8.004649171126376,,,,,,
2015-12-01,938.3248074550464,6.845161327228792,6.845161327228792,,,,,,
2016-01-01,350.1875049685739,5.861320283020341,5.861320283020341,,,,,,
2016-02-01,222.4353477853588,5.409122100552633,5.409122100552633,,,,,,
2016-03-01,294.2091444406622,5.687684069349051,5.687684069349051,,,,,,
2016-04-01,72252.99542813344,11.187942904489057,11.187942904489057,,,,,,
2016-05-01,2270.2393032597347,7.7280809100723165,7.7280809100723165,,,,,,
2016-06-01,5581.429435744541,8.627379343373706,8.627379343373706,,,,,,
2016-07-01,56953.50454383689,10.950008062215092,10.950008062215092,0.2307354043587175,0.2307354043587175,,190.83389358352505,190.83389358352505,
2016-08-01,1460.6812083961447,7.287342564820369,7.287342564820369,0.2388348934479496,0.2388348934479496,,209.9437139952376,209.9437139952376,19.109820411712548
2016-09-01,761.9526516852515,6.6371959739005515,6.6371959739005515,0.260540432292688,0.260540432292688,,203.1509521545265,203.1509521545265,-6.792761840711108
2016-10-01,292.9392091415088,5.68337297433096,5.68337297433096,0.3025282174198648,0.3025282174198648,,158.4458544330734,158.4458544330734,-44.705097721453086
2016-11-01,177.18666736249855,5.18283169384541,5.18283169384541,0.3197702241927939,0.3197702241927939,,138.42049571517734,138.42049571517734,-20.02535871789607
2016-12-01,167.14536623476246,5.12482888047539,5.12482888047539,0.3405948329240076,0.3405948329240076,,119.05936802015223,119.05936802015223,-19.361127695025104
2017-01-01,811.229176555942,6.6997825374781295,6.6997825374781295,0.4279764558579772,0.4279764558579772,,220.75560192482243,220.75560192482243,101.6962339046702
2017-02-01,846.6607987044217,6.742480554242148,6.742480554242148,0.4390692524606308,0.4390692524606308,,259.71410346714794,259.71410346714794,38.95850154232551
2017-03-01,3192.756244091606,8.068953009047279,8.068953009047279,0.4471452066626226,0.4471452066626226,,215.35790268691864,215.35790268691864,-44.3562007802293
2017-04-01,4585.367493877078,8.43084359406624,8.43084359406624,0.4035926204571605,0.4035926204571605,,216.026494625847,216.026494625847,0.6685919389283583
2017-05-01,1172.9578448728012,7.068136092479988,7.068136092479988,0.2999492079545077,0.2999492079545077,,246.54872715039636,246.54872715039636,30.522232524549366
2017-06-01,113408.26620716463,11.638758379522724,11.638758379522724,0.2211063999844822,0.2211063999844822,,277.0709596749457,277.0709596749457,30.522232524549338
2017-07-01,43059.27825661942,10.67035623296481,10.67035623296481,0.2164280084781064,0.2164280084781064,,307.59319219949504,307.59319219949504,30.522232524549338
2017-08-01,16784.357606272803,9.72826221429727,9.72826221429727,0.2065719227439858,0.2065719227439858,-0.017955574823352666,263.8883216081624,263.8883216081624,-43.70487059133262
2017-09-01,7311.324727799839,8.897316522404969,8.897316522404969,0.2054351604432297,0.2054351604432297,-0.022842301145494487,125.13261886924232,125.13261886924232,-138.7557027389201
2017-10-01,4160.550286622806,8.333642948886494,8.333642948886494,0.2675916431805485,0.2675916431805485,0.020168697610141978,132.85867091440772,132.85867091440772,7.726052045165403
2017-11-01,1938.6135896754176,7.570244051638606,7.570244051638606,0.28740594400953,0.28740594400953,0.0025722940560524155,141.78990299196664,141.78990299196664,8.931232077558917
2017-12-01,898.3085771185588,6.801626220424814,6.801626220424814,0.3255092965378213,0.3255092965378213,0.017278743797077556,168.3422409376846,168.3422409376846,26.552337945717966
2018-01-01,307.97380401196654,5.7332564966436985,5.7332564966436985,0.3500186791387564,0.3500186791387564,-0.06287224033303451,168.2477617747619,168.2477617747619,-0.09447916292270975
2018-02-01,1400.9224586299254,7.245599758383073,7.245599758383073,0.4345965320726372,0.4345965320726372,0.07348505633122726,285.651960634386,285.651960634386,117.4041988596241
2018-03-01,1969.4422099873327,7.586013268616735,7.586013268616735,0.3955696848162371,0.3955696848162371,-0.04710280145839191,255.07123945519547,255.07123945519547,-30.580721179190533
2018-04-01,2892.9012290052056,7.970360777032362,7.970360777032362,0.3616417173856623,0.3616417173856623,0.009624618774887295,270.7589804899625,270.7589804899625,15.687741034767015
2018-05-01,413.4070840740762,6.0268487855725095,6.0268487855725095,0.3284227484615389,0.3284227484615389,0.0704244435785294,243.4042036835044,243.4042036835044,-27.35477680645809
2018-06-01,824.7933954462657,6.716344615655737,6.716344615655737,0.2591721372748485,0.2591721372748485,0.009592196783335089,204.11866030359243,204.11866030359243,-39.28554337991196
2018-07-01,56510.64836472481,10.942202061632637,10.942202061632637,0.2115498673780532,0.2115498673780532,-0.04294387839041949,160.44823896121156,160.44823896121156,-43.67042134238088
2018-08-01,50131.15526638867,10.82241790287791,10.82241790287791,0.2239240592627802,0.2239240592627802,0.022230277618847577,302.25893746153247,302.25893746153247,141.8106985003209
2018-09-01,27481.72991768081,10.221313083384759,10.221313083384759,0.2438152931233143,0.2438152931233143,0.021027996161290197,235.32462969667645,235.32462969667645,-66.93430776485602
2018-10-01,9098.678178474453,9.115994326876777,9.115994326876777,0.2778044755172531,0.2778044755172531,-0.02816730034337997,241.75868321124383,241.75868321124383,6.434053514567381
2018-11-01,2687.243395662161,7.896643246525187,7.896643246525187,0.3338084167173483,0.3338084167173483,0.03618964037111366,198.51083927093703,198.51083927093703,-43.24784394030681
2018-12-01,702.3298789564292,6.555826026353585,6.555826026353585,0.339658355488776,0.339658355488776,-0.03225341375686358,188.09851741177783,188.09851741177783,-10.412321859159192
2019-01-01,294.20376008373586,5.687665830056226,5.687665830056226,0.3695122886416201,0.3695122886416201,0.005344550551909022,206.06042335683048,206.06042335683048,17.96190594505265
2019-02-01,1221.6623004346352,7.1087859736287795,7.1087859736287795,0.4638633424704477,0.4638633424704477,0.009773200894946765,371.6565590539201,371.6565590539201,165.5961356970896
2019-03-01,714.3122634225787,6.57271917941387,6.57271917941387,0.4197756224275251,0.4197756224275251,-0.005060872786522508,299.51757516168504,299.51757516168504,-72.13898389223505
2019-04-01,1374.2150841733833,7.226365422720949,7.226365422720949,0.3863487727090277,0.3863487727090277,0.0005011177120773924,281.0138379174502,281.0138379174502,-18.503737244234856
2019-05-01,10035.688347165107,9.214002492934707,9.214002492934707,0.3094586169105611,0.3094586169105611,-0.04367118687434318,277.18712408970384,277.18712408970384,-3.826713827746346
2019-06-01,23659.468921312997,10.071560956495448,10.071560956495448,0.2759009999925283,0.2759009999925283,0.03569299426865763,202.43080982038387,202.43080982038387,-74.75631426931997
2019-07-01,7780.615640321675,8.959519261463985,8.959519261463985,0.2555536733673889,0.2555536733673889,0.02727494327165586,222.47982439923877,222.47982439923877,20.049014578854894
2019-08-01,2215.446708495037,7.703660610807884,7.703660610807884,0.2466688485126594,0.2466688485126594,-0.02125901673945646,221.65999355266936,221.65999355266936,-0.8198308465694026
2019-09-01,9001.710321765106,9.105280957845531,9.105280957845531,0.2671006753355623,0.2671006753355623,0.0005405929623688022,192.9264158319312,192.9264158319312,-28.733577720738168
2019-10-01,2883.80901307422,7.967213976776611,7.967213976776611,0.3053871848926168,0.3053871848926168,0.0042973271631156496,162.20076860145153,162.20076860145153,-30.725647230479666
2019-11-01,484.5298683206476,6.185240806581894,6.185240806581894,0.3691315776425437,0.3691315776425437,0.007740451549831717,156.14581272980786,156.14581272980786,-6.054955871643671
2019-12-01,175.38849157939126,5.172688900964797,5.172688900964797,0.3775569658214293,0.3775569658214293,0.002575449407457908,148.46588054704037,148.46588054704037,-7.679932182767487
2020-01-01,290.5900066132909,5.675348728673756,5.675348728673756,0.4196936755881346,0.4196936755881346,0.01228277661386118,173.89227603386763,173.89227603386763,25.42639548682726
2020-02-01,356.8276381679423,5.880051412831315,5.880051412831315,0.4255253188055774,0.4255253188055774,-0.08851941061138474,187.8310958047126,187.8310958047126,13.938819770844958
2020-03-01,2225.2419137738875,7.70807020237892,7.70807020237892,0.4059429262362189,0.4059429262362189,0.024505327473564098,204.1723134427455,204.1723134427455,16.3412176380329
2020-04-01,380.6607366659325,5.944532090079701,5.944532090079701,0.3755477545895294,0.3755477545895294,0.003031678071807875,213.7598019280157,213.7598019280157,9.5874884852702
2020-05-01,260.3334064292504,5.565797011386024,5.565797011386024,0.3246717058240149,0.3246717058240149,0.026014107032952094,227.4208747041748,227.4208747041748,13.661072776159102
2020-06-01,1368.0038018136136,7.221838602358087,7.221838602358087,0.2424826903915038,0.2424826903915038,-0.04863139851447831,182.6655382307546,182.6655382307546,-44.755336473420186
2020-07-01,217.96484653700304,5.388911198836216,5.388911198836216,0.2179528687321207,0.2179528687321207,-0.004182495034243672,163.33831592395546,163.33831592395546,-19.327222306799143
2020-08-01,178.99084501862998,5.192905988589135,5.192905988589135,0.2139307626641049,0.2139307626641049,0.004862718786713682,184.1884610147755,184.1884610147755,20.850145090820035
2020-09-01,15433.438443588166,9.644356554258751,9.644356554258751,0.2327526860369544,0.2327526860369544,-0.001609903450053407,161.1086723936314,161.1086723936314,-23.079788621144104
2020-10-01,2930.453490476459,7.983253650843126,7.983253650843126,0.2640257559762837,0.2640257559762837,-0.007013439617725187,143.0885574352889,143.0885574352889,-18.020114958342504
2020-11-01,614.5354872220151,6.422492599887758,6.422492599887758,0.3032884317797537,0.3032884317797537,-0.0244817169464569,119.97646101741508,119.97646101741508,-23.112096417873815
2020-12-01,222.89751009609697,5.411188402935894,5.411188402935894,0.3126108507517768,0.3126108507517768,0.000897030793137521,127.53617468745664,127.53617468745664,7.55971367004156
2021-01-01,226.20209481168072,5.425839906926325,5.425839906926325,0.3513240260958045,0.3513240260958045,-0.003423534422677621,139.25616412642785,139.25616412642785,11.719989438971211
2021-02-01,164.06966117327016,5.106367573732821,5.106367573732821,0.3502121558879493,0.3502121558879493,-0.006943513425298031,142.4990600514769,142.4990600514769,3.242895925049055
2021-03-01,197.31337641107945,5.289848488677258,5.289848488677258,0.330910581814813,0.330910581814813,0.00028081849622219046,161.59628708582545,161.59628708582545,19.09722703434855
2021-04-01,146.1318766790311,4.991329304872382,4.991329304872382,0.309600972873418,0.309600972873418,0.009085562705294536,174.85064178122371,174.85064178122371,13.254354695398263
2021-05-01,201.86097947883337,5.312520914284972,5.312520914284972,0.2746004781201138,0.2746004781201138,0.015875554012210302,208.56594385312175,208.56594385312175,33.71530207189804
2021-06-01,31546.238216251008,10.35924132741041,10.35924132741041,0.2301947114247273,0.2301947114247273,0.0377832487371246,261.8293849963601,261.8293849963601,53.26344114323834
2021-07-01,28475.436984268672,10.256832251810074,10.256832251810074,0.1940236223946787,0.1940236223946787,-0.011641267370665481,229.02393167715272,229.02393167715272,-32.80545331920737
2021-08-01,28623.228369810186,10.262008783980026,10.262008783980026,0.2016011264165019,0.2016011264165019,0.01159961008983898,217.6468952882232,217.6468952882232,-11.377036388929525
2021-09-01,6142.342281685289,8.723124218590241,8.723124218590241,0.2281133310675475,0.2281133310675475,0.007690281278196098,182.156858238958,182.156858238958,-35.4900370492652
2021-10-01,3031.98776061822,8.01730347227596,8.01730347227596,0.2616231933815214,0.2616231933815214,0.0022367923746446083,146.53380773331807,146.53380773331807,-35.623050505639924
2021-11-01,1027.8880388164537,6.936233924099354,6.936233924099354,0.2963496329584293,0.2963496329584293,-0.004536236226562074,135.52159598931829,135.52159598931829,-11.012211743999785
2021-12-01,576.8420937295895,6.359300637108569,6.359300637108569,0.3438215430412871,0.3438215430412871,0.038149491110834655,155.18195975717603,155.18195975717603,19.660363767857746
2022-01-01,622.1770945359403,6.43483073928534,6.43483073928534,0.4035889880127077,0.4035889880127077,0.02105426962739293,223.7865982694194,223.7865982694194,68.60463851224335
2022-02-01,365.07889395656576,5.902848867430615,5.902848867430615,0.4104605227554098,0.4104605227554098,0.007983404950557271,235.5201358921284,235.5201358921284,11.733537622709008
2022-03-01,1640.166104003177,7.403162307176087,7.403162307176087,0.3962984876777887,0.3962984876777887,0.005139538995515225,233.36608770459927,233.36608770459927,-2.1540481875291277
2022-04-01,323.6365088243572,5.7827061220286655,5.7827061220286655,0.3419341288888939,0.3419341288888939,-0.03305474984749979,235.9114496721373,235.9114496721373,2.5453619675380423
2022-05-01,241.61154807834012,5.491461596689245,5.491461596689245,0.2913176884833415,0.2913176884833415,-0.01561594565224822,246.929897313094,246.929897313094,11.01844764095668
2022-06-01,14438.760825588774,9.577740848984767,9.577740848984767,0.2407810204063034,0.2407810204063034,-0.006130901381651621,225.82709181677453,225.82709181677453,-21.102805496319462
2022-07-01,13815.55204601549,9.533622576035745,9.533622576035745,0.2253808345006248,0.2253808345006248,0.020770903124369994,207.6531722171907,207.6531722171907,-18.173919599583826
2022-08-01,4915.922334344252,8.500438071953504,8.500438071953504,0.2314475018324957,0.2314475018324957,-0.0015108366899522774,181.32787131902492,181.32787131902492,-26.32530089816578
2022-09-01,2632.308668640785,7.875996383404196,7.875996383404196,0.2228463797596317,0.2228463797596317,-0.0351133267239096,149.3049139351615,149.3049139351615,-32.02295738386343
2022-10-01,1266.9514699112997,7.145157861324128,7.145157861324128,0.2403386271614896,0.2403386271614896,-0.016017614912116007,134.2962036402019,134.2962036402019,-15.008710294959599
2022-11-01,477.7011363658205,6.171076470253637,6.171076470253637,0.2848699681072701,0.2848699681072701,0.009804901368872604,146.42821913143018,146.42821913143018,12.132015491228287
2022-12-01,214.63281148990023,5.373577014328973,5.373577014328973,0.3585798919528692,0.3585798919528692,0.02623801376274132,158.5753165184617,158.5753165184617,12.147097387031522
2023-01-01,179.94058509175483,5.198168718215419,5.198168718215419,0.3871635905892077,0.3871635905892077,-0.03118374633508214,152.6977393957266,152.6977393957266,-5.877577122735119
2023-02-01,4385.099981257267,8.386195724262311,8.386195724262311,0.3993298267830395,0.3993298267830395,0.005294701451129757,168.43402520696145,168.43402520696145,15.736285811234865
2023-03-01,3285.6035555877816,8.09760995659039,8.09760995659039,0.3802926370993899,0.3802926370993899,-0.004875154606028553,178.2365111323838,178.2365111323838,9.80248592542236
2023-04-01,939.0078865873082,6.845888265215352,6.845888265215352,0.3508746918410528,0.3508746918410528,0.02494641353055771,181.1329236230073,181.1329236230073,2.896412490623476
2023-05-01,5803.434185971757,8.666377419264634,8.666377419264634,0.3048944535839424,0.3048944535839424,0.004636202148442015,158.10384120986652,158.10384120986652,-23.02908241314077
2023-06-01,2551.932347577017,7.8449979177039335,7.8449979177039335,0.2577201701136065,0.2577201701136065,0.0033623846067021845,200.27521029157964,200.27521029157964,42.171369081713124
2023-07-01,1004.1171528342464,6.912859383683748,6.912859383683748,0.2271552362463698,0.2271552362463698,-0.01516474796155809,201.9371413543123,201.9371413543123,1.6619310627326627
2023-08-01,501.4818938257456,6.219559607096485,6.219559607096485,0.2273385943609287,0.2273385943609287,-0.005883309217312005,197.74202874357735,197.74202874357735,-4.195112610734952
2023-09-01,279.172403414093,5.63540514016638,5.63540514016638,0.2254894101312208,0.2254894101312208,0.006751937843156114,129.65429552358347,129.65429552358347,-68.08773321999388
2023-10-01,181.13248217636448,5.204734346314544,5.204734346314544,0.2523615904316325,0.2523615904316325,0.009379932898553767,72.6217919275344,72.6217919275344,-57.03250359604907
2023-11-01,178.92149484971952,5.192520616029838,5.192520616029838,0.2793971782300521,0.2793971782300521,-0.017495753147360876,49.90610639368306,49.90610639368306,-22.715685533851342
2023-12-01,110.897219351779,4.717580765605902,4.717580765605902,0.2905195105713689,0.2905195105713689,-0.06258759150428234,47.08481443082131,47.08481443082131,-2.82129196286175
2024-01-01,98.43417540699048,4.599495871542753,4.599495871542753,0.3051603841374022,0.3051603841374022,-0.013942825070305143,52.59169505332962,52.59169505332962,5.506880622508312
2024-02-01,1557.6233177579836,7.351558222004584,7.351558222004584,0.3104912549023366,0.3104912549023366,-0.006835365428897455,80.38124190680118,80.38124190680118,27.789546853471556
2024-03-01,211.55072631869984,5.359180671965274,5.359180671965274,0.2864115276369924,0.2864115276369924,-0.0050425375816945395,67.25503210263011,67.25503210263011,-13.126209804171069
2024-04-01,5356.381049796975,8.586230524543524,8.586230524543524,0.2639033933747736,0.2639033933747736,0.00690981099611826,73.35204128865833,73.35204128865833,6.097009186028217
2024-05-01,3840.350367456163,8.253579241956231,8.253579241956231,0.217373515465355,0.217373515465355,-0.0005496396523081981,45.93203275198793,45.93203275198793,-27.420008536670395
2024-06-01,1751.9322278465377,7.469045223504489,7.469045223504489,0.2029331314057825,0.2029331314057825,0.032733899410763434,62.84539461299365,62.84539461299365,16.91336186100572
2024-07-01,1075.7423283787225,6.981695399115453,6.981695399115453,0.1853216021613082,0.1853216021613082,0.012953404622762371,68.97920344444658,68.97920344444658,6.1338088314529315
2024-08-01,742.6443574896122,6.611562906421052,6.611562906421052,0.1820009105798964,0.1820009105798964,-0.003504049695970707,54.585064072866366,54.585064072866366,-14.394139371580216
2024-09-01,366.0222188680753,5.9054223880968495,5.9054223880968495,0.1862838832262268,0.1862838832262268,0.006132156876038297,45.7673268312434,45.7673268312434,-8.817737241622964
2024-10-01,2130.8213255134165,7.664731975729449,7.664731975729449,0.1941187987357339,0.1941187987357339,-0.019037264790904562,40.03181413514359,40.03181413514359,-5.735512696099811
2024-11-01,217.2439677564599,5.3856135551920845,5.3856135551920845,0.2061535578501716,0.2061535578501716,-0.015000828683981948,33.72265612801742,33.72265612801742,-6.309158007126172
2024-12-01,77.74850743973465,4.366259324379903,4.366259324379903,0.2113501859054255,0.2113501859054255,-0.005925704286062844,25.07410469417447,25.07410469417447,-8.64855143384295
2025-01-01,104.1877466400358,4.655746816713916,4.655746816713916,0.2169950160139751,0.2169950160139751,-0.008996043457483727,27.69798651010156,27.69798651010156,2.623881815927092
2025-02-01,174.45868770011774,5.167403617475402,5.167403617475402,0.2169423094719662,0.2169423094719662,-0.005383577306943305,31.49020302437456,31.49020302437456,3.7922165142729973
2025-03-01,163.69832057092765,5.104115440233778,5.104115440233778,0.2190611134461809,0.2190611134461809,0.026198531239558898,33.32471908180242,33.32471908180242,1.8345160574278623
