"id_zona","sup_nieve","month"
"ZC1",1323.6161470323482,"1986 ene."
"ZC1",803.3518773296394,"1986 feb."
"ZC1",122.8476472755448,"1986 mar."
"ZC1",1288.3759095292173,"1986 abr."
"ZC1",1685.4338526942631,"1986 may."
"ZC1",14088.742076378869,"1986 jul."
"ZC1",25740.61724592547,"1986 ago."
"ZC1",10054.228066255811,"1986 sep."
"ZC1",2924.939712759851,"1986 oct."
"ZC1",6071.453539693331,"1986 nov."
"ZC1",570.9277154769297,"1986 dic."
"ZC1",177.6359045641272,"1987 ene."
"ZC1",283.3566170735194,"1987 mar."
"ZC1",3677.269465053151,"1987 oct."
"ZC1",1824.6910762117234,"1987 nov."
"ZC1",261.2081726377095,"1988 ene."
"ZC1",83.57226807358231,"1988 feb."
"ZC1",80.2544848989873,"1988 mar."
"ZC1",3883.6893804022784,"1988 may."
"ZC1",1947.0007045940908,"1988 jun."
"ZC1",5407.896904774329,"1988 jul."
"ZC1",641.7668697453096,"1988 ago."
"ZC1",348.4569031480052,"1988 sep."
"ZC1",8871.752208867045,"1988 oct."
"ZC1",103.47896712115234,"1988 nov."
"ZC1",54.78825728858239,"1988 dic."
"ZC1",49.76674761892509,"1989 ene."
"ZC1",87.69707958794366,"1989 mar."
"ZC1",4707.754985119253,"1989 abr."
"ZC1",3285.7710504509405,"1989 may."
"ZC1",22662.790497687656,"1989 jun."
"ZC1",12067.494764526273,"1989 jul."
"ZC1",3835.8056989094744,"1989 ago."
"ZC1",2224.3494440271274,"1989 sep."
"ZC1",962.9641489723181,"1989 oct."
"ZC1",406.83195305777133,"1989 nov."
"ZC1",151.9903373226631,"1989 dic."
"ZC1",1180.054772369467,"1990 ene."
"ZC1",84.91731530652622,"1990 feb."
"ZC1",11277.503689710542,"1990 mar."
"ZC1",231.88614295953204,"1990 abr."
"ZC1",22404.093079884777,"1990 jun."
"ZC1",13187.112081228792,"1990 jul."
"ZC1",6955.956600077253,"1990 ago."
"ZC1",3251.3378412875763,"1990 sep."
"ZC1",1853.7440964433122,"1990 oct."
"ZC1",1001.7911790966326,"1990 nov."
"ZC1",295.82072143213304,"1990 dic."
"ZC1",89.22146645194677,"1991 ene."
"ZC1",63.575899210482675,"1991 feb."
"ZC1",83.39292844252311,"1991 mar."
"ZC1",102.5822689658564,"1991 abr."
"ZC1",2713.587957556596,"1991 may."
"ZC1",1343.522846079918,"1991 jun."
"ZC1",4095.7584941297696,"1991 ago."
"ZC1",1503.4041271691854,"1991 sep."
"ZC1",3626.6956890944593,"1991 oct."
"ZC1",415.61959497967166,"1991 nov."
"ZC1",1092.8060418591713,"1991 dic."
"ZC1",26.452595581230447,"1992 ene."
"ZC1",3272.9482668302085,"1992 abr."
"ZC1",9183.534157463446,"1992 jun."
"ZC1",9504.731436690454,"1992 jul."
"ZC1",8166.050760649135,"1992 ago."
"ZC1",2598.3622446010672,"1992 sep."
"ZC1",1494.6164852472853,"1992 oct."
"ZC1",514.435731693285,"1992 nov."
"ZC1",234.57623742541986,"1992 dic."
"ZC1",124.19269450848871,"1993 ene."
"ZC1",370.33633813722633,"1993 feb."
"ZC1",326.5774681587841,"1993 mar."
"ZC1",411.3154438342511,"1993 abr."
"ZC1",373.7437911273509,"1993 may."
"ZC1",5436.5912457438,"1993 jun."
"ZC1",2594.0580934556465,"1993 jul."
"ZC1",29458.955486491173,"1993 ago."
"ZC1",3496.764126392077,"1993 oct."
"ZC1",531.6523362749673,"1993 nov."
"ZC1",210.1860476013701,"1993 dic."
"ZC1",61.69283308436119,"1994 ene."
"ZC1",59.54075751165091,"1994 feb."
"ZC1",603.4778585141727,"1994 may."
"ZC1",683.2839943355119,"1994 jun."
"ZC1",647.9540870168516,"1994 jul."
"ZC1",713.0543730913374,"1994 oct."
"ZC1",136.9258083136912,"1994 nov."
"ZC1",52.99486097799049,"1995 ene."
"ZC1",181.76071607848854,"1995 mar."
"ZC1",214.66953837784982,"1995 abr."
"ZC1",4552.267524990936,"1995 may."
"ZC1",1177.6336873501677,"1995 jun."
"ZC1",1394.7243107473166,"1995 jul."
"ZC1",837.0677279687669,"1995 ago."
"ZC1",204.7161888540648,"1995 sep."
"ZC1",2673.5055500148674,"1995 oct."
"ZC1",30.129058017943837,"1995 dic."
"ZC1",21.789765173691524,"1996 feb."
"ZC1",52.54651190034252,"1996 mar."
"ZC1",78.4610885883954,"1996 abr."
"ZC1",2810.341688513029,"1996 may."
"ZC1",268.65076732666586,"1996 jun."
"ZC1",7755.36300552359,"1996 jul."
"ZC1",4495.237522314114,"1996 ago."
"ZC1",27653.09507154067,"1996 sep."
"ZC1",5991.2887246098735,"1996 oct."
"ZC1",885.9377774323962,"1996 nov."
"ZC1",152.16967695372227,"1996 dic."
"ZC1",202.02609438817697,"1997 ene."
"ZC1",152.52835621584066,"1997 feb."
"ZC1",5817.329282482459,"1997 jul."
"ZC1",4154.043874224006,"1997 ago."
"ZC1",6951.921458378421,"1997 sep."
"ZC1",4290.790342906638,"1997 oct."
"ZC1",1090.5642964709314,"1997 nov."
"ZC1",1613.4289908239982,"1998 feb."
"ZC1",230.81010517317688,"1998 mar."
"ZC1",1422.2529441149024,"1998 jun."
"ZC1",10060.95330242053,"1998 jul."
"ZC1",2387.907187553108,"1998 ago."
"ZC1",1442.6079922401202,"1998 sep."
"ZC1",113.88066572258532,"1998 nov."
"ZC1",232.0654825905912,"1998 dic."
"ZC1",37.840662153488985,"1999 ene."
"ZC1",62.76887087071633,"1999 feb."
"ZC1",1262.999351734342,"1999 abr."
"ZC1",132.26297790615226,"1999 may."
"ZC1",410.14973623236637,"1999 jun."
"ZC1",26764.377529826852,"1999 jul."
"ZC1",9673.310689886093,"1999 ago."
"ZC1",3497.0331358386657,"1999 sep."
"ZC1",3270.168502548791,"1999 oct."
"ZC1",454.26728547292697,"1999 nov."
"ZC1",266.31935212289636,"1999 dic."
"ZC1",131.3662797508563,"2000 ene."
"ZC1",103.03061804350438,"2000 feb."
"ZC1",80.1648150834577,"2000 mar."
"ZC1",95.67769317007759,"2000 abr."
"ZC1",2677.4510218981695,"2000 may."
"ZC1",29715.052479643695,"2000 jun."
"ZC1",2994.613159426346,"2000 jul."
"ZC1",1074.3340598600746,"2000 ago."
"ZC1",880.8265979472092,"2000 sep."
"ZC1",277.43840924856613,"2000 oct."
"ZC1",110.8318919945791,"2000 nov."
"ZC1",105.00335398515546,"2000 dic."
"ZC1",1022.4152366684393,"2001 ene."
"ZC1",290.61987213141657,"2001 feb."
"ZC1",810.0771134943589,"2001 mar."
"ZC1",793.488197621384,"2001 abr."
"ZC1",7899.821078341768,"2001 may."
"ZC1",1334.8248739735475,"2001 jun."
"ZC1",608.8580474459484,"2001 jul."
"ZC1",508.15884460621345,"2001 ago."
"ZC1",1530.9327605367712,"2001 sep."
"ZC1",786.404282194546,"2001 oct."
"ZC1",247.5783606772111,"2001 nov."
"ZC1",156.02547902149487,"2001 dic."
"ZC1",49.946087249984274,"2002 ene."
"ZC1",70.65981463732066,"2002 feb."
"ZC1",420.82044428038813,"2002 mar."
"ZC1",130.64892122661956,"2002 abr."
"ZC1",14803.679515596326,"2002 may."
"ZC1",12327.716569193157,"2002 jun."
"ZC1",26805.804984601527,"2002 jul."
"ZC1",15302.333359756401,"2002 ago."
"ZC1",6090.373870770076,"2002 sep."
"ZC1",2848.182350666518,"2002 oct."
"ZC1",7953.353958212936,"2002 nov."
"ZC1",1616.0294154743565,"2002 dic."
"ZC1",5675.023285236992,"2003 jul."
"ZC1",8876.773718536702,"2003 ago."
"ZC1",2634.3198406284346,"2003 sep."
"ZC1",1165.5282622536727,"2003 oct."
"ZC1",255.46930444381545,"2003 nov."
"ZC1",77.47472061756986,"2003 dic."
"ZC1",51.64981374504657,"2004 ene."
"ZC1",103.65830675221153,"2004 feb."
"ZC1",61.603163268831594,"2004 mar."
"ZC1",221.932793435747,"2004 abr."
"ZC1",444.313935949142,"2004 may."
"ZC1",316.44477900393986,"2004 jun."
"ZC1",2130.1064679055235,"2004 jul."
"ZC1",4244.700057724426,"2004 sep."
"ZC1",1109.8433068097943,"2004 oct."
"ZC1",325.3220907413697,"2004 nov."
"ZC1",110.65255236351993,"2004 dic."
"ZC1",678.621163927973,"2005 ene."
"ZC1",155.93580920596526,"2005 feb."
"ZC1",301.9182688881455,"2005 mar."
"ZC1",1089.308919053517,"2005 abr."
"ZC1",14188.00656217013,"2005 may."
"ZC1",5562.397996931822,"2005 jun."
"ZC1",2628.0429535413627,"2005 jul."
"ZC1",1204.7139716401055,"2005 ago."
"ZC1",14092.50820863111,"2005 sep."
"ZC1",4954.16763819458,"2005 oct."
"ZC1",1463.3217196274568,"2005 nov."
"ZC1",153.33538455560702,"2006 feb."
"ZC1",51.201464667398604,"2006 mar."
"ZC1",45.19358702691575,"2006 abr."
"ZC1",6062.396888324841,"2006 may."
"ZC1",9982.312874201076,"2006 jun."
"ZC1",2527.9714394103353,"2006 jul."
"ZC1",28181.698634087625,"2006 ago."
"ZC1",5406.910536803504,"2006 sep."
"ZC1",2294.2022303246818,"2006 oct."
"ZC1",234.84524687200866,"2006 nov."
"ZC1",62.85854068624592,"2006 dic."
"ZC1",57.657691385529425,"2007 ene."
"ZC1",46.53863425985967,"2007 feb."
"ZC1",23.852170930872205,"2007 mar."
"ZC1",492.3769570730048,"2007 abr."
"ZC1",943.1471197402776,"2007 may."
"ZC1",19155.1763236165,"2007 jul."
"ZC1",12323.322748232205,"2007 ago."
"ZC1",11924.38173894104,"2007 sep."
"ZC1",3131.0009488468595,"2007 oct."
"ZC1",533.2663929544999,"2008 ene."
"ZC1",43.669200162912645,"2008 feb."
"ZC1",30.846416542180595,"2008 mar."
"ZC1",45.37292665797494,"2008 abr."
"ZC1",72.72222039450133,"2008 oct."
"ZC1",40.35141698831763,"2008 nov."
"ZC1",34.702218609953164,"2008 dic."
"ZC1",32.370803406183704,"2009 ene."
"ZC1",310.5265711789866,"2009 feb."
"ZC1",38.91669993984412,"2009 mar."
"ZC1",183.28510294249165,"2009 abr."
"ZC1",106.25873140256977,"2009 may."
"ZC1",12465.89775492426,"2009 jul."
"ZC1",3628.220075958463,"2009 ago."
"ZC1",1185.345291485713,"2009 sep."
"ZC1",425.75228413451583,"2009 oct."
"ZC1",48.33203057045157,"2009 nov."
"ZC1",39.45471883302169,"2009 dic."
"ZC1",38.55802067772574,"2010 ene."
"ZC1",46.0902851822117,"2010 feb."
"ZC1",50.39443632763224,"2010 mar."
"ZC1",18204.676279002797,"2010 may."
"ZC1",5278.862040227243,"2010 jun."
"ZC1",1893.5574945384524,"2010 jul."
"ZC1",944.5818367887512,"2010 ago."
"ZC1",618.6320573386741,"2010 sep."
"ZC1",580.5223857385964,"2010 oct."
"ZC1",70.65981463732066,"2010 nov."
"ZC1",33.44684119253884,"2010 dic."
"ZC1",25.824906872523286,"2011 ene."
"ZC1",402.34846228129163,"2011 feb."
"ZC1",194.13515062157262,"2011 abr."
"ZC1",7205.866375958234,"2011 may."
"ZC1",13051.979669225693,"2011 ago."
"ZC1",4375.528318582105,"2011 sep."
"ZC1",1648.041539618422,"2011 nov."
"ZC1",38.37868104666655,"2013 abr."
"ZC1",11169.092882735264,"2013 may."
"ZC1",31351.526613058802,"2013 jun."
"ZC1",11303.418266398596,"2013 jul."
"ZC1",6639.601490888844,"2013 ago."
"ZC1",12097.534152728687,"2013 sep."
"ZC1",954.3558466814769,"2013 nov."
"ZC1",126.79311915884696,"2013 dic."
"ZC1",16399.443552760993,"2014 ene."
"ZC1",60.52712548247646,"2014 feb."
"ZC1",481.88558865604216,"2014 mar."
"ZC1",228.20968052281864,"2014 abr."
"ZC1",63.66556902601227,"2014 may."
"ZC1",14396.668222907498,"2014 jun."
"ZC1",5534.421014486587,"2014 jul."
"ZC1",3083.0275975385266,"2014 ago."
"ZC1",3252.5932187049902,"2014 sep."
"ZC1",1045.3707094440156,"2014 oct."
"ZC1",179.69831032130787,"2014 nov."
"ZC1",53.08453079352009,"2014 dic."
"ZC1",38.28901123113696,"2015 ene."
"ZC1",663.6463047345308,"2015 feb."
"ZC1",43.57953034738305,"2015 mar."
"ZC1",17146.30344630699,"2015 abr."
"ZC1",7205.238687249527,"2015 may."
"ZC1",10537.279362513738,"2015 jun."
"ZC1",8822.07513106365,"2015 jul."
"ZC1",8004.286413433746,"2015 ago."
"ZC1",2880.5531540727015,"2015 sep."
"ZC1",4102.663069925548,"2015 oct."
"ZC1",1598.9921505237335,"2015 nov."
"ZC1",489.5971927915873,"2015 dic."
"ZC1",148.13453525489052,"2016 ene."
"ZC1",73.3499091032085,"2016 feb."
"ZC1",77.83339987968824,"2016 mar."
"ZC1",22190.409909477752,"2016 abr."
"ZC1",1076.3067958017257,"2016 may."
"ZC1",2976.499856689368,"2016 jun."
"ZC1",18882.400744775474,"2016 jul."
"ZC1",761.7450829239074,"2016 ago."
"ZC1",376.61322522429793,"2016 sep."
"ZC1",134.8634025565105,"2016 oct."
"ZC1",60.43745566694686,"2016 nov."
"ZC1",55.23660636623037,"2016 dic."
"ZC1",57.74736120105902,"2017 ene."
"ZC1",438.3957281241887,"2017 feb."
"ZC1",651.3615400069763,"2017 mar."
"ZC1",1012.3722173291247,"2017 abr."
"ZC1",293.0409571507156,"2017 may."
"ZC1",28370.274256146364,"2017 jun."
"ZC1",14273.372226554302,"2017 jul."
"ZC1",7401.256903997221,"2017 ago."
"ZC1",3799.13074435787,"2017 sep."
"ZC1",2106.52330642124,"2017 oct."
"ZC1",1023.4912744547945,"2017 nov."
"ZC1",443.3275679783164,"2017 dic."
"ZC1",97.20208003408071,"2018 ene."
"ZC1",487.1761077722883,"2018 feb."
"ZC1",460.45450274446904,"2018 mar."
"ZC1",1415.7070475812418,"2018 abr."
"ZC1",124.91005303272549,"2018 may."
"ZC1",565.0095076519765,"2018 jun."
"ZC1",18375.228268140083,"2018 jul."
"ZC1",15024.894950507836,"2018 ago."
"ZC1",9667.21314243008,"2018 sep."
"ZC1",3850.0631995786803,"2018 oct."
"ZC1",1149.925714351523,"2018 nov."
"ZC1",263.539587841479,"2018 dic."
"ZC1",78.4610885883954,"2019 ene."
"ZC1",410.77742494107355,"2019 feb."
"ZC1",243.72255860943852,"2019 mar."
"ZC1",674.5860222291413,"2019 abr."
"ZC1",3492.2806356155975,"2019 may."
"ZC1",7848.52994385884,"2019 jun."
"ZC1",4343.42652462251,"2019 jul."
"ZC1",1139.0756666724421,"2019 ago."
"ZC1",4185.069630397246,"2019 sep."
"ZC1",1459.2865779286249,"2019 oct."
"ZC1",212.24845335855076,"2019 nov."
"ZC1",35.8679262118379,"2019 dic."
"ZC1",51.201464667398604,"2020 ene."
"ZC1",81.06151323875366,"2020 feb."
"ZC1",990.7617917864924,"2020 mar."
"ZC1",112.17693922752302,"2020 abr."
"ZC1",50.66344577422103,"2020 may."
"ZC1",835.3640014737048,"2020 jun."
"ZC1",49.67707780339549,"2020 jul."
"ZC1",32.72948266830208,"2020 ago."
"ZC1",5923.049994991851,"2020 sep."
"ZC1",1277.2568524035476,"2020 oct."
"ZC1",224.53321808610525,"2020 nov."
"ZC1",45.37292665797494,"2020 dic."
"ZC1",38.10967160007777,"2021 ene."
"ZC1",31.02575617323978,"2021 feb."
"ZC1",39.90306791066966,"2021 mar."
"ZC1",26.004246503582475,"2021 abr."
"ZC1",82.22722084063838,"2021 may."
"ZC1",13448.947942575209,"2021 jun."
"ZC1",8360.903269794944,"2021 jul."
"ZC1",9500.965304438212,"2021 ago."
"ZC1",2511.830872615008,"2021 sep."
"ZC1",1358.3183656423012,"2021 oct."
"ZC1",422.16549151333203,"2021 nov."
"ZC1",157.37052625443877,"2021 dic."
"ZC1",204.895528485124,"2022 ene."
"ZC1",85.90368327735177,"2022 feb."
"ZC1",493.99101375253747,"2022 mar."
"ZC1",111.99759959646384,"2022 abr."
"ZC1",72.09453168579418,"2022 may."
"ZC1",3142.8373644967664,"2022 jun."
"ZC1",7303.247795623373,"2022 jul."
"ZC1",2640.0587088223288,"2022 ago."
"ZC1",1421.2665761440767,"2022 sep."
"ZC1",670.1922012681912,"2022 oct."
"ZC1",228.92703904705536,"2022 nov."
"ZC1",66.80401256954808,"2022 dic."
"ZC1",54.78825728858239,"2023 ene."
"ZC1",1769.9028189231412,"2023 feb."
"ZC1",509.50389183915735,"2023 mar."
"ZC1",408.98402863048165,"2023 abr."
"ZC1",1346.2129405458058,"2023 may."
"ZC1",652.078898531213,"2023 jun."
"ZC1",256.45567241464096,"2023 jul."
"ZC1",133.78736477015536,"2023 ago."
"ZC1",74.78462615168202,"2023 sep."
"ZC1",48.42170038598116,"2023 oct."
"ZC1",50.75311558975063,"2023 nov."
"ZC1",26.63193521228964,"2023 dic."
"ZC1",29.59103912476627,"2024 ene."
"ZC1",800.9307923103403,"2024 feb."
"ZC1",48.06302112386278,"2024 mar."
"ZC1",2710.9875329062384,"2024 abr."
"ZC1",2109.9307594113643,"2024 may."
"ZC1",1042.7702847936573,"2024 jun."
"ZC1",644.0086151335495,"2024 jul."
"ZC1",454.6259647350454,"2024 ago."
"ZC1",205.88189645594952,"2024 sep."
"ZC1",1279.0502487141393,"2024 oct."
"ZC1",81.7788717629904,"2024 nov."
"ZC1",18.651321630155707,"2024 dic."
"ZC1",39.45471883302169,"2025 ene."
"ZC1",34.612548794423574,"2025 feb."
"ZC1",30.308397649003027,"2025 mar."
"ZC2",1356.193380812147,"1986 ene."
"ZC2",45.18277463237223,"1986 feb."
"ZC2",54.23708310487118,"1986 mar."
"ZC2",49.17732248788648,"1986 abr."
"ZC2",133.59543383442085,"1986 may."
"ZC2",1209.9929293003258,"1986 jul."
"ZC2",2204.90164851374,"1986 ago."
"ZC2",804.857009021059,"1986 sep."
"ZC2",150.81637347819336,"1986 oct."
"ZC2",256.27243686376943,"1986 nov."
"ZC2",44.91647144200461,"1986 dic."
"ZC2",45.18277463237223,"1987 ene."
"ZC2",48.20087745653855,"1987 mar."
"ZC2",275.4462665702378,"1987 oct."
"ZC2",121.43425480763302,"1987 nov."
"ZC2",25.83140946565878,"1988 ene."
"ZC2",33.73173744656473,"1988 feb."
"ZC2",47.4019678854357,"1988 mar."
"ZC2",170.25650637502935,"1988 may."
"ZC2",190.40678111284564,"1988 jun."
"ZC2",360.7520552179975,"1988 jul."
"ZC2",63.46892703761522,"1988 ago."
"ZC2",42.96358137930876,"1988 sep."
"ZC2",97.02312902393487,"1988 oct."
"ZC2",29.204583210315253,"1988 nov."
"ZC2",30.536099162153334,"1988 dic."
"ZC2",32.045150574236494,"1989 ene."
"ZC2",46.78059377457793,"1989 mar."
"ZC2",308.0240235252095,"1989 abr."
"ZC2",217.74724199058758,"1989 may."
"ZC2",1043.8197385109333,"1989 jun."
"ZC2",294.70886400682866,"1989 jul."
"ZC2",95.9579162624644,"1989 ago."
"ZC2",48.82225156739632,"1989 sep."
"ZC2",31.690079653746338,"1989 oct."
"ZC2",31.867615113991416,"1989 nov."
"ZC2",32.22268603448157,"1989 dic."
"ZC2",51.66281893131756,"1990 ene."
"ZC2",45.71538101310746,"1990 feb."
"ZC2",730.8247220988616,"1990 mar."
"ZC2",81.04493760187789,"1990 abr."
"ZC2",2265.5300081874343,"1990 jun."
"ZC2",1386.285641323688,"1990 jul."
"ZC2",533.2277548460904,"1990 ago."
"ZC2",203.1893342504912,"1990 sep."
"ZC2",121.78932572812319,"1990 oct."
"ZC2",53.52694126389087,"1990 nov."
"ZC2",41.80960088771576,"1990 dic."
"ZC2",51.7515866614401,"1991 ene."
"ZC2",49.17732248788648,"1991 feb."
"ZC2",55.21352813621911,"1991 mar."
"ZC2",72.43446777999162,"1991 abr."
"ZC2",122.67700302934857,"1991 may."
"ZC2",202.74549559987852,"1991 jun."
"ZC2",356.49120417211566,"1991 ago."
"ZC2",183.3941304331651,"1991 sep."
"ZC2",195.91038038044303,"1991 oct."
"ZC2",66.93086851239423,"1991 nov."
"ZC2",63.82399795810537,"1991 dic."
"ZC2",36.83860800085358,"1992 ene."
"ZC2",199.81616050583474,"1992 abr."
"ZC2",964.195084591016,"1992 jun."
"ZC2",1317.1355795582301,"1992 jul."
"ZC2",668.5097755528394,"1992 ago."
"ZC2",195.02270307921768,"1992 sep."
"ZC2",113.17885590623692,"1992 oct."
"ZC2",49.62116113849917,"1992 nov."
"ZC2",41.27699450698052,"1992 dic."
"ZC2",42.78604591906368,"1993 ene."
"ZC2",46.51429058421031,"1993 feb."
"ZC2",162.44494612424594,"1993 mar."
"ZC2",77.22792520660872,"1993 abr."
"ZC2",175.49380245225913,"1993 may."
"ZC2",389.7791029680677,"1993 jun."
"ZC2",269.054990001415,"1993 jul."
"ZC2",3855.271286951981,"1993 ago."
"ZC2",227.95553095467955,"1993 oct."
"ZC2",62.847552926757444,"1993 nov."
"ZC2",45.005239172127155,"1993 dic."
"ZC2",31.690079653746338,"1994 ene."
"ZC2",33.37666652607457,"1994 feb."
"ZC2",192.27090344541898,"1994 may."
"ZC2",286.89730375604523,"1994 jun."
"ZC2",285.4770200740847,"1994 jul."
"ZC2",60.27328875320382,"1994 oct."
"ZC2",34.97448566828027,"1994 nov."
"ZC2",56.18997316756704,"1995 ene."
"ZC2",79.44711845967218,"1995 mar."
"ZC2",94.71516804074886,"1995 abr."
"ZC2",460.88205479622127,"1995 may."
"ZC2",487.42360610286033,"1995 jun."
"ZC2",389.33526431745497,"1995 jul."
"ZC2",235.23448482472773,"1995 ago."
"ZC2",92.85104570817555,"1995 sep."
"ZC2",143.9812582587579,"1995 oct."
"ZC2",24.41112578369816,"1995 dic."
"ZC2",32.22268603448157,"1996 feb."
"ZC2",51.396515740949944,"1996 mar."
"ZC2",42.78604591906368,"1996 abr."
"ZC2",207.7164884867407,"1996 may."
"ZC2",243.48988372612382,"1996 jun."
"ZC2",475.79503345680774,"1996 jul."
"ZC2",313.7939259831746,"1996 ago."
"ZC2",3171.404694087942,"1996 sep."
"ZC2",358.355326504689,"1996 oct."
"ZC2",56.54504408805719,"1996 nov."
"ZC2",30.536099162153334,"1996 dic."
"ZC2",77.49422839697634,"1997 ene."
"ZC2",80.15726030065251,"1997 feb."
"ZC2",484.7605741991842,"1997 jul."
"ZC2",200.25999915644744,"1997 ago."
"ZC2",291.5132257224173,"1997 sep."
"ZC2",105.10099246508588,"1997 oct."
"ZC2",48.11210972641601,"1997 nov."
"ZC2",46.33675512396524,"1998 feb."
"ZC2",34.88571793815774,"1998 mar."
"ZC2",124.00851898118665,"1998 jun."
"ZC2",822.7880905058117,"1998 jul."
"ZC2",199.99369596607983,"1998 ago."
"ZC2",66.22072667141391,"1998 sep."
"ZC2",32.488989224849185,"1998 nov."
"ZC2",133.24036291393068,"1998 dic."
"ZC2",34.17557609717743,"1999 ene."
"ZC2",31.690079653746338,"1999 feb."
"ZC2",48.02334199629347,"1999 abr."
"ZC2",45.98168420347508,"1999 may."
"ZC2",173.18584146907313,"1999 jun."
"ZC2",2539.3784556154665,"1999 jul."
"ZC2",726.1200324023671,"1999 ago."
"ZC2",224.49358947990055,"1999 sep."
"ZC2",102.88179921202241,"1999 oct."
"ZC2",56.456276357934655,"1999 nov."
"ZC2",52.10665758193025,"1999 dic."
"ZC2",50.5976061698471,"2000 ene."
"ZC2",37.104911191221206,"2000 feb."
"ZC2",38.436427143059284,"2000 mar."
"ZC2",47.66827107580331,"2000 abr."
"ZC2",351.2539080948859,"2000 may."
"ZC2",4979.958427604547,"2000 jun."
"ZC2",296.3066831490344,"2000 jul."
"ZC2",98.62094816614056,"2000 ago."
"ZC2",137.5899816899351,"2000 sep."
"ZC2",51.04144482045979,"2000 oct."
"ZC2",37.37121438158882,"2000 nov."
"ZC2",54.05954764462611,"2000 dic."
"ZC2",523.6408399928562,"2001 ene."
"ZC2",180.37602760899875,"2001 feb."
"ZC2",300.9226051154064,"2001 mar."
"ZC2",90.98692337560223,"2001 abr."
"ZC2",420.4927375904661,"2001 may."
"ZC2",153.92324403248222,"2001 jun."
"ZC2",66.75333305214915,"2001 jul."
"ZC2",70.83664863778593,"2001 ago."
"ZC2",62.93632065687998,"2001 sep."
"ZC2",60.98343059418413,"2001 oct."
"ZC2",50.68637389996963,"2001 nov."
"ZC2",50.508838439724556,"2001 dic."
"ZC2",38.969033523794515,"2002 ene."
"ZC2",37.99258849244659,"2002 feb."
"ZC2",361.9060357095905,"2002 mar."
"ZC2",43.22988456967638,"2002 abr."
"ZC2",951.0574605328803,"2002 may."
"ZC2",874.8059803576195,"2002 jun."
"ZC2",3590.299612536203,"2002 jul."
"ZC2",1183.7176811840545,"2002 ago."
"ZC2",637.7073732003184,"2002 sep."
"ZC2",279.440814425752,"2002 oct."
"ZC2",277.66545982330126,"2002 nov."
"ZC2",82.73152447420613,"2002 dic."
"ZC2",605.1296162453468,"2003 jul."
"ZC2",455.1121523382562,"2003 ago."
"ZC2",211.44473315188733,"2003 sep."
"ZC2",86.3710014092302,"2003 oct."
"ZC2",38.525194873181825,"2003 nov."
"ZC2",27.606764068109555,"2003 dic."
"ZC2",30.181028241663178,"2004 ene."
"ZC2",39.32410444428467,"2004 feb."
"ZC2",50.420070709602015,"2004 mar."
"ZC2",46.51429058421031,"2004 abr."
"ZC2",78.38190569820173,"2004 may."
"ZC2",126.93785407523043,"2004 jun."
"ZC2",313.705158253052,"2004 jul."
"ZC2",612.8524087660076,"2004 sep."
"ZC2",103.76947651324782,"2004 oct."
"ZC2",46.15921966372016,"2004 nov."
"ZC2",34.3531115574225,"2004 dic."
"ZC2",193.95749031774722,"2005 ene."
"ZC2",42.430974998573525,"2005 feb."
"ZC2",125.96140904388251,"2005 mar."
"ZC2",60.362056483326356,"2005 abr."
"ZC2",1413.8924053917974,"2005 may."
"ZC2",703.3954934909972,"2005 jun."
"ZC2",386.67223241377883,"2005 jul."
"ZC2",185.61332368622857,"2005 ago."
"ZC2",1246.4764663806893,"2005 sep."
"ZC2",494.8800954331536,"2005 oct."
"ZC2",146.64429016243403,"2005 nov."
"ZC2",28.76074455970256,"2006 feb."
"ZC2",37.99258849244659,"2006 mar."
"ZC2",44.82770371188207,"2006 abr."
"ZC2",648.2707330849006,"2006 may."
"ZC2",952.2114410244733,"2006 jun."
"ZC2",365.98935129522727,"2006 jul."
"ZC2",2733.3359459332137,"2006 ago."
"ZC2",665.4916727286732,"2006 sep."
"ZC2",231.2399369692135,"2006 oct."
"ZC2",47.22443242519062,"2006 nov."
"ZC2",34.086808367054886,"2006 dic."
"ZC2",42.25343953832845,"2007 ene."
"ZC2",39.8567108250199,"2007 feb."
"ZC2",38.436427143059284,"2007 mar."
"ZC2",42.430974998573525,"2007 abr."
"ZC2",93.73872300940093,"2007 may."
"ZC2",1135.694339187761,"2007 jul."
"ZC2",638.4175150412988,"2007 ago."
"ZC2",861.4020531091161,"2007 sep."
"ZC2",162.26741066400086,"2007 oct."
"ZC2",127.1153895354755,"2008 ene."
"ZC2",36.927375730976124,"2008 feb."
"ZC2",38.436427143059284,"2008 mar."
"ZC2",44.650168251637,"2008 abr."
"ZC2",54.5033862952388,"2008 oct."
"ZC2",36.66107254060851,"2008 nov."
"ZC2",28.405673639212406,"2008 dic."
"ZC2",32.13391830435903,"2009 ene."
"ZC2",42.96358137930876,"2009 feb."
"ZC2",45.18277463237223,"2009 mar."
"ZC2",52.55049623254294,"2009 abr."
"ZC2",67.28593943288438,"2009 may."
"ZC2",704.9933126332029,"2009 jul."
"ZC2",245.9753801695549,"2009 ago."
"ZC2",86.81484005984291,"2009 sep."
"ZC2",37.548749841833896,"2009 oct."
"ZC2",31.423776463378722,"2009 nov."
"ZC2",29.648421860927947,"2009 dic."
"ZC2",32.31145376460411,"2010 ene."
"ZC2",40.3005494756326,"2010 feb."
"ZC2",52.46172850242041,"2010 mar."
"ZC2",3165.2797207094873,"2010 may."
"ZC2",885.3693402422016,"2010 jun."
"ZC2",425.9963368580635,"2010 jul."
"ZC2",215.35051327727902,"2010 ago."
"ZC2",129.42335051866152,"2010 sep."
"ZC2",55.21352813621911,"2010 oct."
"ZC2",27.517996337987018,"2010 nov."
"ZC2",28.228138178967328,"2010 dic."
"ZC2",25.12126762467847,"2011 ene."
"ZC2",57.96532777001781,"2011 feb."
"ZC2",82.73152447420613,"2011 abr."
"ZC2",568.6460791649833,"2011 may."
"ZC2",1029.3505985009594,"2011 ago."
"ZC2",432.74268434737644,"2011 sep."
"ZC2",141.14069089483664,"2011 nov."
"ZC2",27.695531798232096,"2013 abr."
"ZC2",592.968437218559,"2013 may."
"ZC2",5195.042637691458,"2013 jun."
"ZC2",923.5394641948932,"2013 jul."
"ZC2",539.7077991450357,"2013 ago."
"ZC2",1299.5595689939676,"2013 sep."
"ZC2",90.18801380449938,"2013 nov."
"ZC2",29.027047750070174,"2013 dic."
"ZC2",2176.673510334773,"2014 ene."
"ZC2",35.24078885864789,"2014 feb."
"ZC2",107.76402436876205,"2014 mar."
"ZC2",33.82050517668727,"2014 abr."
"ZC2",34.61941474779012,"2014 may."
"ZC2",1094.3285769506579,"2014 jun."
"ZC2",542.9922051595696,"2014 jul."
"ZC2",369.895131420619,"2014 ago."
"ZC2",285.03318142347194,"2014 sep."
"ZC2",73.7659837318297,"2014 oct."
"ZC2",28.405673639212406,"2014 nov."
"ZC2",23.70098394271785,"2014 dic."
"ZC2",27.429228607864477,"2015 ene."
"ZC2",25.83140946565878,"2015 feb."
"ZC2",26.719086766884168,"2015 mar."
"ZC2",1374.923371868003,"2015 abr."
"ZC2",649.6022490367387,"2015 may."
"ZC2",712.0947310430059,"2015 jun."
"ZC2",398.56710825019906,"2015 jul."
"ZC2",678.7180645169313,"2015 ago."
"ZC2",231.15116923909096,"2015 sep."
"ZC2",156.49750820603583,"2015 oct."
"ZC2",80.51233122114266,"2015 nov."
"ZC2",36.74984027073105,"2015 dic."
"ZC2",27.87306725847717,"2016 ene."
"ZC2",26.54155130663909,"2016 feb."
"ZC2",30.358563701908256,"2016 mar."
"ZC2",1725.733441312276,"2016 abr."
"ZC2",54.5033862952388,"2016 may."
"ZC2",39.67917536477482,"2016 jun."
"ZC2",737.5710695881746,"2016 jul."
"ZC2",34.26434382729997,"2016 ago."
"ZC2",26.27524811627147,"2016 sep."
"ZC2",24.41112578369816,"2016 oct."
"ZC2",23.78975167284039,"2016 nov."
"ZC2",23.87851940296293,"2016 dic."
"ZC2",25.29880308492355,"2017 ene."
"ZC2",26.80785449700671,"2017 feb."
"ZC2",270.56404141349816,"2017 mar."
"ZC2",163.5101588857164,"2017 abr."
"ZC2",45.71538101310746,"2017 may."
"ZC2",3739.5181668721902,"2017 jun."
"ZC2",1036.0081782601499,"2017 jul."
"ZC2",607.171274038165,"2017 ago."
"ZC2",271.27418325447843,"2017 sep."
"ZC2",122.41069983898095,"2017 oct."
"ZC2",60.894662864061594,"2017 nov."
"ZC2",29.737189591050484,"2017 dic."
"ZC2",28.228138178967328,"2018 ene."
"ZC2",46.60305831433285,"2018 feb."
"ZC2",34.61941474779012,"2018 mar."
"ZC2",118.77122290395685,"2018 abr."
"ZC2",34.97448566828027,"2018 may."
"ZC2",36.039698429750736,"2018 jun."
"ZC2",1020.4738254887056,"2018 jul."
"ZC2",1152.8265111014107,"2018 ago."
"ZC2",806.1885249728971,"2018 sep."
"ZC2",274.9136601895026,"2018 oct."
"ZC2",78.64820888856934,"2018 nov."
"ZC2",30.181028241663178,"2018 dic."
"ZC2",29.648421860927947,"2019 ene."
"ZC2",96.66805810344471,"2019 feb."
"ZC2",40.566852666000216,"2019 mar."
"ZC2",40.03424628526498,"2019 abr."
"ZC2",68.88375857509007,"2019 may."
"ZC2",1604.0328833142755,"2019 jun."
"ZC2",158.98300464946695,"2019 jul."
"ZC2",51.3077480108274,"2019 ago."
"ZC2",406.11236531061485,"2019 sep."
"ZC2",152.0591216999089,"2019 oct."
"ZC2",33.021595605584416,"2019 nov."
"ZC2",24.943732164433392,"2019 dic."
"ZC2",26.097712656026395,"2020 ene."
"ZC2",26.008944925903858,"2020 feb."
"ZC2",118.68245517383433,"2020 mar."
"ZC2",26.896622227129246,"2020 abr."
"ZC2",27.517996337987018,"2020 may."
"ZC2",35.15202112852535,"2020 jun."
"ZC2",33.1991310658295,"2020 jul."
"ZC2",29.914725051295562,"2020 ago."
"ZC2",505.08838439724553,"2020 sep."
"ZC2",117.88354560273147,"2020 oct."
"ZC2",32.84406014533934,"2020 nov."
"ZC2",25.56510627529116,"2020 dic."
"ZC2",26.097712656026395,"2021 ene."
"ZC2",25.74264173553624,"2021 feb."
"ZC2",27.695531798232096,"2021 mar."
"ZC2",26.186480386148936,"2021 abr."
"ZC2",29.47088640068287,"2021 may."
"ZC2",755.4133833428049,"2021 jun."
"ZC2",623.7708395710799,"2021 jul."
"ZC2",617.202027542012,"2021 ago."
"ZC2",128.18060229694598,"2021 sep."
"ZC2",58.8530050712432,"2021 oct."
"ZC2",33.021595605584416,"2021 nov."
"ZC2",27.429228607864477,"2021 dic."
"ZC2",50.952677090337254,"2022 ene."
"ZC2",52.9055671530331,"2022 feb."
"ZC2",47.490735615558236,"2022 mar."
"ZC2",46.425522854087774,"2022 abr."
"ZC2",53.17187034340072,"2022 may."
"ZC2",527.8129233086155,"2022 jun."
"ZC2",419.8713634796083,"2022 jul."
"ZC2",162.71124931461355,"2022 ago."
"ZC2",80.15726030065251,"2022 sep."
"ZC2",41.987136347960835,"2022 oct."
"ZC2",29.648421860927947,"2022 nov."
"ZC2",29.293350940437794,"2022 dic."
"ZC2",28.849512289825096,"2023 ene."
"ZC2",202.03535375889822,"2023 feb."
"ZC2",30.536099162153334,"2023 mar."
"ZC2",27.07415768737432,"2023 abr."
"ZC2",96.04668399258694,"2023 may."
"ZC2",48.911019297518855,"2023 jun."
"ZC2",34.53064701766758,"2023 jul."
"ZC2",29.382118670560327,"2023 ago."
"ZC2",27.07415768737432,"2023 sep."
"ZC2",24.32235805357562,"2023 oct."
"ZC2",23.07960983186008,"2023 nov."
"ZC2",21.65932614989946,"2023 dic."
"ZC2",22.458235721002303,"2024 ene."
"ZC2",108.65170166998745,"2024 feb."
"ZC2",20.239042467938837,"2024 mar."
"ZC2",271.1854155243559,"2024 abr."
"ZC2",193.69118712737958,"2024 may."
"ZC2",85.39455637788228,"2024 jun."
"ZC2",50.508838439724556,"2024 jul."
"ZC2",26.896622227129246,"2024 ago."
"ZC2",13.226391788258274,"2024 sep."
"ZC2",64.00153341835045,"2024 oct."
"ZC2",6.746347489312947,"2024 nov."
"ZC2",5.414831537474865,"2024 dic."
"ZC2",6.213741108577713,"2025 ene."
"ZC2",7.012650679680562,"2025 feb."
"ZC2",5.237296077229788,"2025 mar."
"ZC3",918.9556067173927,"1986 ene."
"ZC3",4479.404327036843,"1986 feb."
"ZC3",263.916233165155,"1986 mar."
"ZC3",513.040965490551,"1986 abr."
"ZC3",2546.2896354697905,"1986 may."
"ZC3",8036.894747188341,"1986 jul."
"ZC3",19854.49710901909,"1986 ago."
"ZC3",7505.476462472636,"1986 sep."
"ZC3",1820.4303488059793,"1986 oct."
"ZC3",4635.118490422669,"1986 nov."
"ZC3",433.52544279439184,"1986 dic."
"ZC3",255.6688508787439,"1987 ene."
"ZC3",668.3965470378382,"1987 mar."
"ZC3",2109.895537967082,"1987 oct."
"ZC3",1062.8365694314123,"1987 nov."
"ZC3",261.76474213391737,"1988 ene."
"ZC3",179.64950110834602,"1988 feb."
"ZC3",149.97685396919303,"1988 mar."
"ZC3",3241.8487567770044,"1988 may."
"ZC3",1457.6351736635258,"1988 jun."
"ZC3",3287.1197138926304,"1988 jul."
"ZC3",519.0472112860895,"1988 ago."
"ZC3",242.93919561058766,"1988 sep."
"ZC3",8424.790651028568,"1988 oct."
"ZC3",128.730880035721,"1988 nov."
"ZC3",112.95327913997802,"1988 dic."
"ZC3",143.07415357730548,"1989 ene."
"ZC3",205.55703894283303,"1989 mar."
"ZC3",2695.9975530600786,"1989 abr."
"ZC3",1373.6373779856217,"1989 may."
"ZC3",15527.310772442312,"1989 jun."
"ZC3",7584.812694249525,"1989 jul."
"ZC3",1737.5082986436937,"1989 ago."
"ZC3",1083.45502514744,"1989 sep."
"ZC3",489.4642096065715,"1989 oct."
"ZC3",227.2512401744796,"1989 nov."
"ZC3",119.40775223369106,"1989 dic."
"ZC3",924.2446888358519,"1990 ene."
"ZC3",197.30965665642194,"1990 feb."
"ZC3",9714.16129695738,"1990 mar."
"ZC3",273.77723372499435,"1990 abr."
"ZC3",17912.507516948182,"1990 jun."
"ZC3",10066.10937148401,"1990 jul."
"ZC3",4265.779196726869,"1990 ago."
"ZC3",1947.7269014875417,"1990 sep."
"ZC3",1133.566837083351,"1990 oct."
"ZC3",709.8127493891635,"1990 nov."
"ZC3",262.57155127063146,"1990 dic."
"ZC3",247.3318231326979,"1991 ene."
"ZC3",152.1283450004307,"1991 feb."
"ZC3",133.21315301746614,"1991 mar."
"ZC3",192.55844729577205,"1991 abr."
"ZC3",1599.3646453463077,"1991 may."
"ZC3",795.9620360983055,"1991 jun."
"ZC3",2527.015861648286,"1991 ago."
"ZC3",1220.612578388842,"1991 sep."
"ZC3",1735.8050349106306,"1991 oct."
"ZC3",378.3038396592915,"1991 nov."
"ZC3",429.670688030091,"1991 dic."
"ZC3",112.77398822070822,"1992 ene."
"ZC3",1534.9095598688125,"1992 abr."
"ZC3",5262.905644245897,"1992 jun."
"ZC3",6671.32546056986,"1992 jul."
"ZC3",8323.849863479667,"1992 ago."
"ZC3",2183.8530421658766,"1992 sep."
"ZC3",1197.0358225048624,"1992 oct."
"ZC3",377.5866759822122,"1992 nov."
"ZC3",328.72990048119004,"1992 dic."
"ZC3",215.50768496230728,"1993 ene."
"ZC3",604.0311070199778,"1993 feb."
"ZC3",338.5909010410294,"1993 mar."
"ZC3",1680.1352044773557,"1993 abr."
"ZC3",409.50045961223776,"1993 may."
"ZC3",2864.7999535526014,"1993 jun."
"ZC3",1408.9576890817734,"1993 jul."
"ZC3",24140.536179623447,"1993 ago."
"ZC3",1543.4258785341283,"1993 oct."
"ZC3",446.2550980625481,"1993 nov."
"ZC3",251.8140961144431,"1993 dic."
"ZC3",114.7461883326761,"1994 ene."
"ZC3",91.34872336796636,"1994 feb."
"ZC3",468.9353993501786,"1994 may."
"ZC3",490.0917278240157,"1994 jun."
"ZC3",443.0278615156916,"1994 jul."
"ZC3",483.5476092706678,"1994 oct."
"ZC3",167.99559135580859,"1994 nov."
"ZC3",113.31186097851764,"1995 ene."
"ZC3",435.94587020453423,"1995 mar."
"ZC3",208.78427548968955,"1995 abr."
"ZC3",3700.654219188439,"1995 may."
"ZC3",678.0782566784078,"1995 jun."
"ZC3",820.9731193364435,"1995 jul."
"ZC3",504.703937744505,"1995 ago."
"ZC3",195.69603838299366,"1995 sep."
"ZC3",1171.1282846703753,"1995 oct."
"ZC3",53.96656670021173,"1995 dic."
"ZC3",47.7810299854034,"1996 feb."
"ZC3",119.85597953186557,"1996 mar."
"ZC3",137.78507145884623,"1996 abr."
"ZC3",4426.51350585225,"1996 may."
"ZC3",386.9994492438771,"1996 jun."
"ZC3",5012.705166404882,"1996 jul."
"ZC3",3016.659362174127,"1996 ago."
"ZC3",19937.86738647955,"1996 sep."
"ZC3",2988.331396929498,"1996 oct."
"ZC3",748.8085243303464,"1996 nov."
"ZC3",216.85236685683086,"1996 dic."
"ZC3",673.5063382370276,"1997 ene."
"ZC3",277.9009248681999,"1997 feb."
"ZC3",2555.7024087314553,"1997 jul."
"ZC3",1557.8587975353478,"1997 ago."
"ZC3",4179.988491856267,"1997 sep."
"ZC3",1843.0210046339748,"1997 oct."
"ZC3",562.7045501282875,"1997 nov."
"ZC3",754.8147701258849,"1998 feb."
"ZC3",159.6585636097626,"1998 mar."
"ZC3",2061.2180533853293,"1998 jun."
"ZC3",7001.0414611070355,"1998 jul."
"ZC3",1297.0801554574143,"1998 ago."
"ZC3",797.0377816139243,"1998 sep."
"ZC3",136.70932594322736,"1998 nov."
"ZC3",85.79070487060235,"1998 dic."
"ZC3",73.41963144098573,"1999 ene."
"ZC3",167.72665497690386,"1999 feb."
"ZC3",270.81893355704256,"1999 abr."
"ZC3",147.28749018014597,"1999 may."
"ZC3",331.2399733509673,"1999 jun."
"ZC3",23722.340110426623,"1999 jul."
"ZC3",10019.49373247386,"1999 ago."
"ZC3",2513.8379790819554,"1999 sep."
"ZC3",2188.6042515265267,"1999 oct."
"ZC3",340.4734556933623,"1999 nov."
"ZC3",213.08725755216489,"1999 dic."
"ZC3",115.55299746939022,"2000 ene."
"ZC3",262.84048764953616,"2000 feb."
"ZC3",174.80864628806123,"2000 mar."
"ZC3",163.69260929333322,"2000 abr."
"ZC3",1256.3811167831684,"2000 may."
"ZC3",23348.60818920871,"2000 jun."
"ZC3",1428.769335661087,"2000 jul."
"ZC3",598.3834430629788,"2000 ago."
"ZC3",525.5016843798026,"2000 sep."
"ZC3",170.5056642255859,"2000 oct."
"ZC3",98.61000559839351,"2000 nov."
"ZC3",79.24658631725443,"2000 dic."
"ZC3",893.4066507214452,"2001 ene."
"ZC3",284.265752502278,"2001 feb."
"ZC3",1182.7821944229129,"2001 mar."
"ZC3",954.8137905713538,"2001 abr."
"ZC3",2845.5261797310973,"2001 may."
"ZC3",765.30328890316855,"2001 jun."
"ZC3",513.5788382483604,"2001 jul."
"ZC3",537.5141759708795,"2001 ago."
"ZC3",604.2103979392475,"2001 sep."
"ZC3",473.59696325119353,"2001 oct."
"ZC3",256.9238873136325,"2001 nov."
"ZC3",201.7919296381671,"2001 dic."
"ZC3",133.66138031564068,"2002 ene."
"ZC3",130.43414376878414,"2002 feb."
"ZC3",1070.0978516618395,"2002 mar."
"ZC3",279.8731249801678,"2002 abr."
"ZC3",10261.446828028464,"2002 may."
"ZC3",6368.772034302063,"2002 jun."
"ZC3",21386.26907780068,"2002 jul."
"ZC3",8913.35840603879,"2002 ago."
"ZC3",3961.7017976452767,"2002 sep."
"ZC3",1798.6465021146978,"2002 oct."
"ZC3",6139.63823947525,"2002 nov."
"ZC3",959.296063553099,"2002 dic."
"ZC3",2943.687958031316,"2003 jul."
"ZC3",6805.255777264406,"2003 ago."
"ZC3",1955.5260564757784,"2003 sep."
"ZC3",824.7382286411093,"2003 oct."
"ZC3",258.0892782888863,"2003 nov."
"ZC3",127.47584360083233,"2003 dic."
"ZC3",101.83724214525003,"2004 ene."
"ZC3",298.16079874568806,"2004 feb."
"ZC3",184.04212863045626,"2004 mar."
"ZC3",324.7855002572543,"2004 abr."
"ZC3",265.26091505967855,"2004 may."
"ZC3",281.3970977939611,"2004 jun."
"ZC3",1382.6915694087468,"2004 jul."
"ZC3",4654.750846082714,"2004 sep."
"ZC3",955.3516633291633,"2004 oct."
"ZC3",395.42612244955797,"2004 nov."
"ZC3",197.84752941423136,"2004 dic."
"ZC3",3137.0532144638023,"2005 ene."
"ZC3",398.6533589964145,"2005 feb."
"ZC3",423.1265694767431,"2005 mar."
"ZC3",248.04898680977718,"2005 abr."
"ZC3",11882.236738227513,"2005 may."
"ZC3",3056.730882630929,"2005 jun."
"ZC3",1410.0334345973922,"2005 jul."
"ZC3",686.4152844244537,"2005 ago."
"ZC3",10756.648347051669,"2005 sep."
"ZC3",3673.401999459428,"2005 oct."
"ZC3",1183.4097126403572,"2005 nov."
"ZC3",261.0475784568381,"2006 feb."
"ZC3",174.89829174769613,"2006 mar."
"ZC3",152.57657229860524,"2006 abr."
"ZC3",3696.709818964503,"2006 may."
"ZC3",4674.831429040932,"2006 jun."
"ZC3",1295.6458281032558,"2006 jul."
"ZC3",20642.928926508062,"2006 ago."
"ZC3",4293.6589346733235,"2006 sep."
"ZC3",2452.251548312777,"2006 oct."
"ZC3",261.3165148357428,"2006 nov."
"ZC3",118.95952493551653,"2006 dic."
"ZC3",135.0957076697991,"2007 ene."
"ZC3",361.5401387075646,"2007 feb."
"ZC3",95.02418721299739,"2007 mar."
"ZC3",176.6912009403942,"2007 abr."
"ZC3",430.656788086075,"2007 may."
"ZC3",13856.498695766986,"2007 jul."
"ZC3",7159.534633741544,"2007 ago."
"ZC3",6247.840309254578,"2007 sep."
"ZC3",1653.779439344694,"2007 oct."
"ZC3",582.8747785461405,"2008 ene."
"ZC3",108.11242431969325,"2008 feb."
"ZC3",80.9498500503176,"2008 mar."
"ZC3",118.60094309697693,"2008 abr."
"ZC3",91.61765974687107,"2008 oct."
"ZC3",65.62047645274913,"2008 nov."
"ZC3",60.95891255173417,"2008 dic."
"ZC3",100.67185116999629,"2009 ene."
"ZC3",879.2426680991306,"2009 feb."
"ZC3",117.34590666208828,"2009 mar."
"ZC3",390.764558548543,"2009 abr."
"ZC3",144.41883547182903,"2009 may."
"ZC3",6705.480380690759,"2009 jul."
"ZC3",1751.0447630485642,"2009 ago."
"ZC3",655.48760085041215,"2009 sep."
"ZC3",218.7349215091638,"2009 oct."
"ZC3",52.98046664422779,"2009 nov."
"ZC3",45.27095711562611,"2009 dic."
"ZC3",41.05762051278567,"2010 ene."
"ZC3",66.96515834727269,"2010 feb."
"ZC3",51.904721128608955,"2010 mar."
"ZC3",12937.094861751419,"2010 may."
"ZC3",2600.7940749278114,"2010 jun."
"ZC3",770.9509528601675,"2010 jul."
"ZC3",399.2808772138588,"2010 ago."
"ZC3",267.95027884872565,"2010 sep."
"ZC3",183.77319225155156,"2010 oct."
"ZC3",56.29734865071921,"2010 nov."
"ZC3",38.816484021913084,"2010 dic."
"ZC3",31.64484725112083,"2011 ene."
"ZC3",363.960566117707,"2011 feb."
"ZC3",162.2582819391748,"2011 abr."
"ZC3",2845.7951161100023,"2011 may."
"ZC3",7488.354179682368,"2011 ago."
"ZC3",2086.5877184620067,"2011 sep."
"ZC3",832.9856109275205,"2011 nov."
"ZC3",155.26593608765234,"2013 abr."
"ZC3",6485.938650044881,"2013 may."
"ZC3",25330.400365357516,"2013 jun."
"ZC3",6692.750725422602,"2013 jul."
"ZC3",3042.11867271044,"2013 ago."
"ZC3",6599.071220104129,"2013 sep."
"ZC3",581.2611602727123,"2013 nov."
"ZC3",140.5640807075282,"2013 dic."
"ZC3",8302.066016788385,"2014 ene."
"ZC3",139.48833519190936,"2014 feb."
"ZC3",867.7680492658629,"2014 mar."
"ZC3",194.97887470591445,"2014 abr."
"ZC3",102.82334220123397,"2014 may."
"ZC3",9452.844782121638,"2014 jun."
"ZC3",2449.0243117659206,"2014 jul."
"ZC3",1452.7943188432412,"2014 ago."
"ZC3",1352.4810495117847,"2014 sep."
"ZC3",524.963811621993,"2014 oct."
"ZC3",149.70791759028833,"2014 nov."
"ZC3",82.74275924301564,"2014 dic."
"ZC3",70.46133127303392,"2015 ene."
"ZC3",455.8471622434827,"2015 feb."
"ZC3",98.161778300219,"2015 mar."
"ZC3",11911.819739907032,"2015 abr."
"ZC3",4507.732292281472,"2015 may."
"ZC3",6025.878151198558,"2015 jun."
"ZC3",3753.007167615222,"2015 jul."
"ZC3",4369.767929903357,"2015 ago."
"ZC3",1403.3100251247745,"2015 sep."
"ZC3",2430.1987652425905,"2015 oct."
"ZC3",1054.5891871450012,"2015 nov."
"ZC3",352.844529122979,"2015 dic."
"ZC3",154.4591269509382,"2016 ene."
"ZC3",111.96717908399408,"2016 feb."
"ZC3",176.6912009403942,"2016 mar."
"ZC3",13528.485958962876,"2016 abr."
"ZC3",566.4696594329533,"2016 may."
"ZC3",435.4976429063597,"2016 jun."
"ZC3",12643.864563285651,"2016 jul."
"ZC3",264.00587862478994,"2016 ago."
"ZC3",229.31308574608238,"2016 sep."
"ZC3",105.24376961137635,"2016 oct."
"ZC3",80.50162275214306,"2016 nov."
"ZC3",78.97764993834971,"2016 dic."
"ZC3",719.2255226508283,"2017 ene."
"ZC3",370.7736210499596,"2017 feb."
"ZC3",1687.4861321674177,"2017 mar."
"ZC3",2242.212236388199,"2017 abr."
"ZC3",551.5885131335593,"2017 may."
"ZC3",21728.1768608482,"2017 jun."
"ZC3",9075.34775159906,"2017 jul."
"ZC3",3818.089771310162,"2017 ago."
"ZC3",1792.640256319159,"2017 sep."
"ZC3",910.9771608098862,"2017 oct."
"ZC3",616.2228895303246,"2017 nov."
"ZC3",346.5693469485358,"2017 dic."
"ZC3",153.11444505641464,"2018 ene."
"ZC3",834.8681655798536,"2018 feb."
"ZC3",392.01959498343166,"2018 mar."
"ZC3",1015.9519940423579,"2018 abr."
"ZC3",210.30824830348288,"2018 may."
"ZC3",199.3715022280247,"2018 jun."
"ZC3",13945.606282644081,"2018 jul."
"ZC3",13592.044589844023,"2018 ago."
"ZC3",8788.84086260591,"2018 sep."
"ZC3",3152.2032971421013,"2018 oct."
"ZC3",1049.300105026542,"2018 nov."
"ZC3",340.29416477409256,"2018 dic."
"ZC3",170.59530968522077,"2019 ene."
"ZC3",617.8365078037529,"2019 feb."
"ZC3",402.3288228414455,"2019 mar."
"ZC3",619.1811896982764,"2019 abr."
"ZC3",3060.58563739523,"2019 may."
"ZC3",3318.3163338455765,"2019 jun."
"ZC3",1942.706755747987,"2019 jul."
"ZC3",651.4535551668416,"2019 ago."
"ZC3",2171.9301960344346,"2019 sep."
"ZC3",852.6179665875643,"2019 oct."
"ZC3",213.08725755216489,"2019 nov."
"ZC3",106.14022420772538,"2019 dic."
"ZC3",155.44522700692212,"2020 ene."
"ZC3",241.0566409582547,"2020 feb."
"ZC3",1075.028351941759,"2020 mar."
"ZC3",232.18174045439926,"2020 abr."
"ZC3",172.65715525682356,"2020 may."
"ZC3",253.51735984750624,"2020 jun."
"ZC3",115.28406109048551,"2020 jul."
"ZC3",106.05057874809047,"2020 ago."
"ZC3",3837.632481510571,"2020 sep."
"ZC3",1028.1437765527048,"2020 oct."
"ZC3",301.92590805035394,"2020 nov."
"ZC3",141.90876260205178,"2020 dic."
"ZC3",153.741963273859,"2021 ene."
"ZC3",98.161778300219,"2021 feb."
"ZC3",121.0213705071193,"2021 mar."
"ZC3",84.80460481461843,"2021 abr."
"ZC3",63.91721271968598,"2021 may."
"ZC3",10203.715152023586,"2021 jun."
"ZC3",7599.962776927823,"2021 jul."
"ZC3",10074.625690149327,"2021 ago."
"ZC3",1854.7645598461472,"2021 sep."
"ZC3",909.363542536458,"2021 oct."
"ZC3",367.1878026645635,"2021 nov."
"ZC3",341.9974285071557,"2021 dic."
"ZC3",316.0898906726687,"2022 ene."
"ZC3",209.32214824749894,"2022 feb."
"ZC3",870.1884766760053,"2022 mar."
"ZC3",141.90876260205178,"2022 abr."
"ZC3",99.32716927547274,"2022 may."
"ZC3",4778.10299854034,"2022 jun."
"ZC3",2699.1351441473003,"2022 jul."
"ZC3",1088.3855254273597,"2022 ago."
"ZC3",643.2061728804304,"2022 sep."
"ZC3",341.2802648300765,"2022 oct."
"ZC3",161.81005464100025,"2022 nov."
"ZC3",105.51270599028106,"2022 dic."
"ZC3",85.07354119352314,"2023 ene."
"ZC3",2032.6211517617953,"2023 feb."
"ZC3",2591.7398835046865,"2023 mar."
"ZC3",496.9944282159033,"2023 abr."
"ZC3",2150.8635130202324,"2023 may."
"ZC3",965.3023093486377,"2023 jun."
"ZC3",399.8187499716683,"2023 jul."
"ZC3",229.40273120571726,"2023 ago."
"ZC3",147.91500839759027,"2023 sep."
"ZC3",103.719796797583,"2023 oct."
"ZC3",101.1200784681708,"2023 nov."
"ZC3",60.60033071319456,"2023 dic."
"ZC3",44.46414797891199,"2024 ene."
"ZC3",580.5439965956331,"2024 feb."
"ZC3",142.80521719840078,"2024 mar."
"ZC3",1816.037721283869,"2024 abr."
"ZC3",1194.9739769332596,"2024 may."
"ZC3",525.8602662183421,"2024 jun."
"ZC3",335.7222463327125,"2024 jul."
"ZC3",239.0844408462868,"2024 ago."
"ZC3",131.5995347440379,"2024 sep."
"ZC3",653.0671734402698,"2024 oct."
"ZC3",119.49739769332595,"2024 nov."
"ZC3",41.9540751091347,"2024 dic."
"ZC3",43.926275221102564,"2025 ene."
"ZC3",116.80803390427887,"2025 feb."
"ZC3",94.30702353591816,"2025 mar."
"ZC4",6156.693915427925,"1986 ene."
"ZC4",1440.4570606342709,"1986 feb."
"ZC4",36.589869302626234,"1986 mar."
"ZC4",13.5418388840602,"1986 abr."
"ZC4",2102.03418280455,"1986 may."
"ZC4",4420.2893824930015,"1986 jul."
"ZC4",17409.51362282089,"1986 ago."
"ZC4",3233.450337515169,"1986 sep."
"ZC4",742.1107070569414,"1986 oct."
"ZC4",2544.4308133679206,"1986 nov."
"ZC4",58.74108919906907,"1986 dic."
"ZC4",8.699062064594962,"1987 ene."
"ZC4",87.34934485479891,"1987 mar."
"ZC4",1187.1080881344692,"1987 oct."
"ZC4",502.2138923889875,"1987 nov."
"ZC4",25.021013567237055,"1988 ene."
"ZC4",34.88592931059217,"1988 feb."
"ZC4",5.291182080526832,"1988 mar."
"ZC4",2415.110736077756,"1988 may."
"ZC4",1383.5992735316606,"1988 jun."
"ZC4",3901.7535386013715,"1988 jul."
"ZC4",503.0210218588984,"1988 ago."
"ZC4",103.76097740965332,"1988 sep."
"ZC4",1432.3857659351622,"1988 oct."
"ZC4",14.169606249546433,"1988 nov."
"ZC4",2.8697936707942144,"1988 dic."
"ZC4",1.8833020964587033,"1989 ene."
"ZC4",115.06078998840553,"1989 mar."
"ZC4",832.0608024258975,"1989 abr."
"ZC4",148.69118456802522,"1989 may."
"ZC4",16493.87007973311,"1989 jun."
"ZC4",6825.624883879615,"1989 jul."
"ZC4",1715.508847769454,"1989 ago."
"ZC4",855.3778760011006,"1989 sep."
"ZC4",289.49043654136636,"1989 oct."
"ZC4",79.3677312079025,"1989 nov."
"ZC4",14.438649406183393,"1989 dic."
"ZC4",548.399634278332,"1990 ene."
"ZC4",2.152345253095661,"1990 feb."
"ZC4",2921.988043181784,"1990 mar."
"ZC4",68.06791862915027,"1990 abr."
"ZC4",15703.780009742579,"1990 jun."
"ZC4",6598.731821782447,"1990 jul."
"ZC4",3229.7734143744638,"1990 ago."
"ZC4",1560.3606274421418,"1990 sep."
"ZC4",917.7958883408747,"1990 oct."
"ZC4",479.8833103881201,"1990 nov."
"ZC4",126.18124046273311,"1990 dic."
"ZC4",16.232270450429777,"1991 ene."
"ZC4",7.443527333622494,"1991 feb."
"ZC4",4.035647349554364,"1991 mar."
"ZC4",6.3673547070746634,"1991 abr."
"ZC4",372.7144529943986,"1991 may."
"ZC4",154.87917717067526,"1991 jun."
"ZC4",1544.0386759394996,"1991 ago."
"ZC4",559.2510415960226,"1991 sep."
"ZC4",1776.0435580127696,"1991 oct."
"ZC4",260.3440945723626,"1991 nov."
"ZC4",60.62439129552778,"1991 dic."
"ZC4",28.339212499092866,"1992 ene."
"ZC4",545.888564816387,"1992 abr."
"ZC4",5176.749057903913,"1992 jun."
"ZC4",5529.554317307177,"1992 jul."
"ZC4",12060.3975825649,"1992 ago."
"ZC4",2629.358769812987,"1992 sep."
"ZC4",1419.0232891555268,"1992 oct."
"ZC4",385.80788661739723,"1992 nov."
"ZC4",127.61613729813023,"1992 dic."
"ZC4",23.227392522990673,"1993 ene."
"ZC4",42.41913769642698,"1993 feb."
"ZC4",256.57749037944524,"1993 mar."
"ZC4",67.52983231587636,"1993 abr."
"ZC4",47.80000082916613,"1993 may."
"ZC4",2402.196664559182,"1993 jun."
"ZC4",869.4578011984346,"1993 jul."
"ZC4",28347.4631558964,"1993 ago."
"ZC4",1614.707345082807,"1993 oct."
"ZC4",73.98686807516334,"1993 nov."
"ZC4",21.613133583168928,"1993 dic."
"ZC4",2.062664200883342,"1994 ene."
"ZC4",1.0761726265478304,"1994 feb."
"ZC4",165.64090343615356,"1994 may."
"ZC4",131.203379386623,"1994 jun."
"ZC4",134.70094042290344,"1994 jul."
"ZC4",168.69005921137241,"1994 oct."
"ZC4",19.550469382285584,"1994 nov."
"ZC4",5.022138923889875,"1995 ene."
"ZC4",8.340337855745686,"1995 mar."
"ZC4",34.88592931059217,"1995 abr."
"ZC4",2951.672471464062,"1995 may."
"ZC4",2124.544126909842,"1995 jun."
"ZC4",459.43603048371125,"1995 jul."
"ZC4",269.85028610686845,"1995 ago."
"ZC4",54.1673555362408,"1995 sep."
"ZC4",590.9084530269712,"1995 oct."
"ZC4",0.5380863132739152,"1995 dic."
"ZC4",0.7174484176985536,"1996 feb."
"ZC4",3.2285178796434915,"1996 mar."
"ZC4",4.842776819465237,"1996 abr."
"ZC4",4144.968552201181,"1996 may."
"ZC4",125.55347309724688,"1996 jun."
"ZC4",3340.5295138566776,"1996 jul."
"ZC4",2158.622926750523,"1996 ago."
"ZC4",20447.638628617628,"1996 sep."
"ZC4",1158.3204703743147,"1996 oct."
"ZC4",187.1643559671102,"1996 nov."
"ZC4",22.151219896442843,"1996 dic."
"ZC4",150.30544350784697,"1997 ene."
"ZC4",542.2116416756819,"1997 feb."
"ZC4",2439.593663331719,"1997 jul."
"ZC4",1514.354247657222,"1997 ago."
"ZC4",1588.4307967845975,"1997 sep."
"ZC4",834.3925097834178,"1997 oct."
"ZC4",186.3572264971993,"1997 nov."
"ZC4",957.7936376275691,"1998 feb."
"ZC4",24.034521992901546,"1998 mar."
"ZC4",2400.761767723785,"1998 jun."
"ZC4",7151.43614656697,"1998 jul."
"ZC4",1761.3358654499489,"1998 ago."
"ZC4",750.8994501737487,"1998 sep."
"ZC4",21.16472832210733,"1998 nov."
"ZC4",39.997749286694365,"1998 dic."
"ZC4",2.24202630530798,"1999 ene."
"ZC4",1.6142589398217457,"1999 feb."
"ZC4",60.17598603446618,"1999 abr."
"ZC4",2.780112618581895,"1999 may."
"ZC4",167.52420553261226,"1999 jun."
"ZC4",25444.846219992476,"1999 jul."
"ZC4",7409.448533781812,"1999 ago."
"ZC4",2088.4026628682773,"1999 sep."
"ZC4",1341.0904547830214,"1999 oct."
"ZC4",205.72833377506024,"1999 nov."
"ZC4",97.5729848070033,"1999 dic."
"ZC4",65.91557337605461,"2000 ene."
"ZC4",25.91782408936025,"2000 feb."
"ZC4",19.640150434497905,"2000 mar."
"ZC4",13.810882040697157,"2000 abr."
"ZC4",568.8469141827406,"2000 may."
"ZC4",29141.588873236487,"2000 jun."
"ZC4",690.8131451914948,"2000 jul."
"ZC4",114.9711089361932,"2000 ago."
"ZC4",380.2476613802334,"2000 sep."
"ZC4",48.338087142440045,"2000 oct."
"ZC4",3.945966297342045,"2000 nov."
"ZC4",61.61088286986329,"2000 dic."
"ZC4",103.85065846186562,"2001 ene."
"ZC4",41.34296506987915,"2001 feb."
"ZC4",260.97186193784887,"2001 mar."
"ZC4",13.36247677963556,"2001 abr."
"ZC4",2117.549004837281,"2001 may."
"ZC4",154.6101340140383,"2001 jun."
"ZC4",38.742214555721894,"2001 jul."
"ZC4",84.21050802736774,"2001 ago."
"ZC4",166.3583518538521,"2001 sep."
"ZC4",38.56285245129725,"2001 oct."
"ZC4",38.2938092946603,"2001 nov."
"ZC4",51.11819976102194,"2001 dic."
"ZC4",1.0761726265478304,"2002 ene."
"ZC4",23.317073575202993,"2002 feb."
"ZC4",690.0060157215839,"2002 mar."
"ZC4",8.071294699108728,"2002 abr."
"ZC4",7678.940095679832,"2002 may."
"ZC4",5020.345302845629,"2002 jun."
"ZC4",30721.58965111313,"2002 jul."
"ZC4",6891.181733046819,"2002 ago."
"ZC4",2613.754266728043,"2002 sep."
"ZC4",1085.2304128212747,"2002 oct."
"ZC4",15065.519961147502,"2002 nov."
"ZC4",142.41351091316287,"2002 dic."
"ZC4",1850.8375555578434,"2003 jul."
"ZC4",5120.698400271213,"2003 ago."
"ZC4",1176.9741292344772,"2003 sep."
"ZC4",398.3632339271219,"2003 oct."
"ZC4",73.00037650082783,"2003 nov."
"ZC4",13.631519936272518,"2003 dic."
"ZC4",1.793621044246384,"2004 ene."
"ZC4",1.9729831486710225,"2004 feb."
"ZC4",2.780112618581895,"2004 mar."
"ZC4",2.690431566369576,"2004 abr."
"ZC4",5.829268393800748,"2004 may."
"ZC4",38.11444719023566,"2004 jun."
"ZC4",1161.190264045109,"2004 jul."
"ZC4",2841.7235014517587,"2004 sep."
"ZC4",616.2881908030575,"2004 oct."
"ZC4",96.22776902381851,"2004 nov."
"ZC4",9.954596795567431,"2004 dic."
"ZC4",263.75197455643075,"2005 ene."
"ZC4",0.2690431566369576,"2005 feb."
"ZC4",1564.3065937394838,"2005 mar."
"ZC4",6.815759968136259,"2005 abr."
"ZC4",11696.92027794837,"2005 may."
"ZC4",2298.704730306166,"2005 jun."
"ZC4",864.0769380656955,"2005 jul."
"ZC4",279.44615869358665,"2005 ago."
"ZC4",7128.926202461677,"2005 sep."
"ZC4",1990.4709538524248,"2005 oct."
"ZC4",439.6165179447887,"2005 nov."
"ZC4",0.9864915743355113,"2006 feb."
"ZC4",2.600750514157257,"2006 mar."
"ZC4",3.3181989318558105,"2006 abr."
"ZC4",1107.7403569265666,"2006 may."
"ZC4",4342.8049533815565,"2006 jun."
"ZC4",727.941100807395,"2006 jul."
"ZC4",26616.798210303063,"2006 ago."
"ZC4",3276.4972425770816,"2006 sep."
"ZC4",1093.3017075203834,"2006 oct."
"ZC4",99.81501111231128,"2006 nov."
"ZC4",11.658536787601497,"2006 dic."
"ZC4",3.497561036280449,"2007 ene."
"ZC4",41.073921913242195,"2007 feb."
"ZC4",427.2405327394887,"2007 mar."
"ZC4",34.43752404953057,"2007 abr."
"ZC4",269.4915618980192,"2007 may."
"ZC4",15840.812657523002,"2007 jul."
"ZC4",5839.850757961802,"2007 ago."
"ZC4",5072.180951024349,"2007 sep."
"ZC4",1449.6942090121397,"2007 oct."
"ZC4",86.99062064594962,"2008 ene."
"ZC4",0.7174484176985536,"2008 feb."
"ZC4",0.1793621044246384,"2008 mar."
"ZC4",0.8071294699108729,"2008 abr."
"ZC4",9.775234691142792,"2008 oct."
"ZC4",1.793621044246384,"2008 nov."
"ZC4",0.448405261061596,"2008 dic."
"ZC4",1.5245778876094265,"2009 ene."
"ZC4",372.6247719421863,"2009 feb."
"ZC4",5.918949446013067,"2009 mar."
"ZC4",17.218762024765287,"2009 abr."
"ZC4",9.954596795567431,"2009 may."
"ZC4",6714.958465449612,"2009 jul."
"ZC4",2566.3129901077264,"2009 ago."
"ZC4",791.9733720869908,"2009 sep."
"ZC4",282.0469092077439,"2009 oct."
"ZC4",11.837898892026134,"2009 nov."
"ZC4",4.304690506191322,"2009 dic."
"ZC4",1.0761726265478304,"2010 ene."
"ZC4",1.345215783184788,"2010 feb."
"ZC4",5.201501028314514,"2010 mar."
"ZC4",9762.141257519794,"2010 may."
"ZC4",1848.8645724091725,"2010 jun."
"ZC4",365.36060671298844,"2010 jul."
"ZC4",124.92570573176064,"2010 ago."
"ZC4",61.79024497428793,"2010 sep."
"ZC4",9.506191534505835,"2010 oct."
"ZC4",0.448405261061596,"2010 nov."
"ZC4",0.3587242088492768,"2010 dic."
"ZC4",0.1793621044246384,"2011 ene."
"ZC4",23.227392522990673,"2011 feb."
"ZC4",115.95760051052872,"2011 abr."
"ZC4",1045.412025639005,"2011 may."
"ZC4",5600.581710659334,"2011 ago."
"ZC4",1221.0972069229383,"2011 sep."
"ZC4",296.39587756171494,"2011 nov."
"ZC4",0.3587242088492768,"2013 abr."
"ZC4",4533.825594593797,"2013 may."
"ZC4",34438.60022215712,"2013 jun."
"ZC4",5533.948688865581,"2013 jul."
"ZC4",1899.9827721701947,"2013 ago."
"ZC4",2219.4266801504755,"2013 sep."
"ZC4",146.53883931492956,"2013 nov."
"ZC4",9.954596795567431,"2013 dic."
"ZC4",3279.90512256115,"2014 ene."
"ZC4",1.6142589398217457,"2014 feb."
"ZC4",3008.44057751446,"2014 mar."
"ZC4",57.4855544680966,"2014 abr."
"ZC4",10.672045213265985,"2014 may."
"ZC4",11663.73828862981,"2014 jun."
"ZC4",1633.719728151819,"2014 jul."
"ZC4",771.795135339219,"2014 ago."
"ZC4",298.9069470236599,"2014 sep."
"ZC4",61.162477608801694,"2014 oct."
"ZC4",2.9594747230065335,"2014 nov."
"ZC4",0,"2014 dic."
"ZC4",0.448405261061596,"2015 ene."
"ZC4",247.9681093670626,"2015 feb."
"ZC4",0.1793621044246384,"2015 mar."
"ZC4",9883.39004011085,"2015 abr."
"ZC4",2037.3741441594677,"2015 may."
"ZC4",4735.697643123728,"2015 jun."
"ZC4",1889.0416838002916,"2015 jul."
"ZC4",3078.6608413967056,"2015 ago."
"ZC4",610.4589224092567,"2015 sep."
"ZC4",720.4078924215602,"2015 oct."
"ZC4",211.6472832210733,"2015 nov."
"ZC4",44.03339663624873,"2015 dic."
"ZC4",10.403002056629028,"2016 ene."
"ZC4",1.8833020964587033,"2016 feb."
"ZC4",0.7174484176985536,"2016 mar."
"ZC4",17381.891858739495,"2016 abr."
"ZC4",507.41539341730197,"2016 may."
"ZC4",2098.2675786116324,"2016 jun."
"ZC4",12709.060633216603,"2016 jul."
"ZC4",383.3864982076646,"2016 ago."
"ZC4",118.28930786804902,"2016 sep."
"ZC4",19.729831486710225,"2016 oct."
"ZC4",3.8562852451297256,"2016 nov."
"ZC4",0.6277673654862344,"2016 dic."
"ZC4",0.0896810522123192,"2017 ene."
"ZC4",2.5110694619449374,"2017 feb."
"ZC4",445.8045105474387,"2017 mar."
"ZC4",872.6863190780781,"2017 abr."
"ZC4",242.8562893909604,"2017 may."
"ZC4",30453.35362394608,"2017 jun."
"ZC4",9098.591152200845,"2017 jul."
"ZC4",3145.293863190459,"2017 ago."
"ZC4",1090.4319138495891,"2017 sep."
"ZC4",880.5782516727622,"2017 oct."
"ZC4",187.88180438480873,"2017 nov."
"ZC4",54.884803953939354,"2017 dic."
"ZC4",6.098311550437706,"2018 ene."
"ZC4",17.84652939025152,"2018 feb."
"ZC4",1070.8814444673035,"2018 mar."
"ZC4",306.4401554094947,"2018 abr."
"ZC4",32.19549774422259,"2018 may."
"ZC4",8.340337855745686,"2018 jun."
"ZC4",11132.467735324031,"2018 jul."
"ZC4",12278.860625754109,"2018 ago."
"ZC4",5491.260508012517,"2018 sep."
"ZC4",1465.9264794625697,"2018 oct."
"ZC4",356.66154464839343,"2018 nov."
"ZC4",55.6022523716379,"2018 dic."
"ZC4",6.277673654862344,"2019 ene."
"ZC4",75.33208385834813,"2019 feb."
"ZC4",17.57748623361456,"2019 mar."
"ZC4",28.697936707942144,"2019 abr."
"ZC4",3063.056338311762,"2019 may."
"ZC4",1181.6375439495177,"2019 jun."
"ZC4",1232.1279763450536,"2019 jul."
"ZC4",334.8690489607999,"2019 ago."
"ZC4",993.1279721992228,"2019 sep."
"ZC4",196.93959065825294,"2019 oct."
"ZC4",11.2101315265399,"2019 nov."
"ZC4",0.0896810522123192,"2019 dic."
"ZC4",49.14521661235092,"2020 ene."
"ZC4",0.0896810522123192,"2020 feb."
"ZC4",14.61801151060803,"2020 mar."
"ZC4",0.2690431566369576,"2020 abr."
"ZC4",0.1793621044246384,"2020 may."
"ZC4",227.4311484104415,"2020 jun."
"ZC4",9.775234691142792,"2020 jul."
"ZC4",0.2690431566369576,"2020 ago."
"ZC4",2523.0867229413884,"2020 sep."
"ZC4",372.44540983776164,"2020 oct."
"ZC4",37.8454040335987,"2020 nov."
"ZC4",1.6142589398217457,"2020 dic."
"ZC4",0,"2021 ene."
"ZC4",0.448405261061596,"2021 feb."
"ZC4",0,"2021 mar."
"ZC4",0.0896810522123192,"2021 abr."
"ZC4",15.066416771669626,"2021 may."
"ZC4",5263.829359602076,"2021 jun."
"ZC4",7158.251906535107,"2021 jul."
"ZC4",6843.561094322078,"2021 ago."
"ZC4",1457.855184763461,"2021 sep."
"ZC4",656.2859400897519,"2021 oct."
"ZC4",192.81426225648627,"2021 nov."
"ZC4",40.894559808817554,"2021 dic."
"ZC4",41.52232717430379,"2022 ene."
"ZC4",6.457035759286983,"2022 feb."
"ZC4",217.92495687593566,"2022 mar."
"ZC4",12.28630415308773,"2022 abr."
"ZC4",4.842776819465237,"2022 may."
"ZC4",2985.392547095894,"2022 jun."
"ZC4",2430.4461960060626,"2022 jul."
"ZC4",821.1197140559946,"2022 ago."
"ZC4",411.18762439348353,"2022 sep."
"ZC4",185.63977807950073,"2022 oct."
"ZC4",46.54446609819366,"2022 nov."
"ZC4",5.111819976102194,"2022 dic."
"ZC4",3.4078799840681295,"2023 ene."
"ZC4",342.2228952422101,"2023 feb."
"ZC4",146.89756352377884,"2023 mar."
"ZC4",0,"2023 abr."
"ZC4",2019.4379337170035,"2023 may."
"ZC4",814.7523593489199,"2023 jun."
"ZC4",295.2300238829548,"2023 jul."
"ZC4",100.98086479107141,"2023 ago."
"ZC4",24.393246201750824,"2023 sep."
"ZC4",1.6142589398217457,"2023 oct."
"ZC4",1.6142589398217457,"2023 nov."
"ZC4",0,"2023 dic."
"ZC4",0,"2024 ene."
"ZC4",65.91557337605461,"2024 feb."
"ZC4",0.2690431566369576,"2024 mar."
"ZC4",386.07692977403417,"2024 abr."
"ZC4",262.9448450865199,"2024 may."
"ZC4",65.91557337605461,"2024 jun."
"ZC4",28.15985039466823,"2024 jul."
"ZC4",14.70769256282035,"2024 ago."
"ZC4",5.739587341588429,"2024 sep."
"ZC4",67.70919442030099,"2024 oct."
"ZC4",0,"2024 nov."
"ZC4",0.0896810522123192,"2024 dic."
"ZC4",0,"2025 ene."
"ZC4",0,"2025 feb."
"ZC4",2.4213884097326184,"2025 mar."
"ZS1",1053.919822767939,"1986 ene."
"ZS1",4.028745499877442,"1986 feb."
"ZS1",11.011904366331676,"1986 mar."
"ZS1",4.028745499877442,"1986 abr."
"ZS1",14.6825391551089,"1986 may."
"ZS1",6454.229346159213,"1986 jul."
"ZS1",10527.470101890856,"1986 ago."
"ZS1",918.1063355831815,"1986 sep."
"ZS1",115.75928736314516,"1986 oct."
"ZS1",141.5432585623608,"1986 nov."
"ZS1",12.17576417740738,"1986 dic."
"ZS1",3.7601624665522797,"1987 ene."
"ZS1",4.655439244302823,"1987 mar."
"ZS1",277.17769039156804,"1987 oct."
"ZS1",77.08333056432173,"1987 nov."
"ZS1",5.192605310953147,"1988 ene."
"ZS1",3.581107111002171,"1988 feb."
"ZS1",5.461188344278311,"1988 mar."
"ZS1",270.01547616956367,"1988 may."
"ZS1",40.37698267654948,"1988 jun."
"ZS1",397.9505277101162,"1988 jul."
"ZS1",61.8636253425625,"1988 ago."
"ZS1",7.430797255329504,"1988 sep."
"ZS1",5.461188344278311,"1988 oct."
"ZS1",3.043941044351845,"1988 nov."
"ZS1",2.775358011026682,"1988 dic."
"ZS1",3.312524077677008,"1989 ene."
"ZS1",3.939217822102388,"1989 mar."
"ZS1",271.00028062508926,"1989 abr."
"ZS1",70.36875473119265,"1989 may."
"ZS1",859.2866512849708,"1989 jun."
"ZS1",206.00318656039988,"1989 jul."
"ZS1",32.85665774344492,"1989 ago."
"ZS1",13.608207021808248,"1989 sep."
"ZS1",2.9544133665767913,"1989 oct."
"ZS1",3.1334687221268998,"1989 nov."
"ZS1",5.908826733153583,"1989 dic."
"ZS1",93.1983125638315,"1990 ene."
"ZS1",3.402051755452062,"1990 feb."
"ZS1",791.6932545648049,"1990 mar."
"ZS1",6.177409766478744,"1990 abr."
"ZS1",13674.188920328463,"1990 jun."
"ZS1",4235.1963248267175,"1990 jul."
"ZS1",417.73614449840323,"1990 ago."
"ZS1",123.01102926292457,"1990 sep."
"ZS1",61.68456998701239,"1990 oct."
"ZS1",19.87514446606205,"1990 nov."
"ZS1",5.01354995540304,"1990 dic."
"ZS1",3.4915794332271166,"1991 ene."
"ZS1",3.4915794332271166,"1991 feb."
"ZS1",6.177409766478744,"1991 mar."
"ZS1",6.983158866454233,"1991 abr."
"ZS1",13.608207021808248,"1991 may."
"ZS1",24.172472999264652,"1991 jun."
"ZS1",404.8441588987954,"1991 ago."
"ZS1",122.2052801629491,"1991 sep."
"ZS1",143.42333979563693,"1991 oct."
"ZS1",14.503483799558792,"1991 nov."
"ZS1",34.4681559433959,"1991 dic."
"ZS1",2.5963026554765736,"1992 ene."
"ZS1",303.76741069075916,"1992 abr."
"ZS1",1601.1129893290706,"1992 jun."
"ZS1",4146.116285440538,"1992 jul."
"ZS1",755.613600421458,"1992 ago."
"ZS1",163.4775396172491,"1992 sep."
"ZS1",69.65253330899222,"1992 oct."
"ZS1",10.02709991080608,"1992 nov."
"ZS1",99.10713929698508,"1992 dic."
"ZS1",3.402051755452062,"1993 ene."
"ZS1",25.15727745479025,"1993 feb."
"ZS1",389.355870643711,"1993 mar."
"ZS1",7.9679633219798305,"1993 abr."
"ZS1",19.51703375496183,"1993 may."
"ZS1",241.27709160377125,"1993 jun."
"ZS1",87.11043047512781,"1993 jul."
"ZS1",17203.728088932203,"1993 ago."
"ZS1",104.47879996348833,"1993 oct."
"ZS1",19.427506077186777,"1993 nov."
"ZS1",3.8496901443273335,"1993 dic."
"ZS1",3.2229963999019535,"1994 ene."
"ZS1",2.9544133665767913,"1994 feb."
"ZS1",27.395469399166608,"1994 may."
"ZS1",21.307587310462917,"1994 jun."
"ZS1",43.59997907645143,"1994 jul."
"ZS1",18.084590910560962,"1994 oct."
"ZS1",3.8496901443273335,"1994 nov."
"ZS1",4.386856210977659,"1995 ene."
"ZS1",8.952767777505427,"1995 mar."
"ZS1",8.147018677529939,"1995 abr."
"ZS1",248.88694421465087,"1995 may."
"ZS1",151.12272008429161,"1995 jun."
"ZS1",87.28948583067792,"1995 jul."
"ZS1",41.71989784317529,"1995 ago."
"ZS1",10.832849010781567,"1995 sep."
"ZS1",229.90707652633938,"1995 oct."
"ZS1",1.969608911051194,"1995 dic."
"ZS1",2.3277196221514114,"1996 feb."
"ZS1",4.297328533202605,"1996 mar."
"ZS1",2.9544133665767913,"1996 abr."
"ZS1",16.11498199950977,"1996 may."
"ZS1",24.709639065914978,"1996 jun."
"ZS1",570.6494181381959,"1996 jul."
"ZS1",262.13704052535894,"1996 ago."
"ZS1",17593.53159796479,"1996 sep."
"ZS1",298.48527770203094,"1996 oct."
"ZS1",16.025454321734713,"1996 nov."
"ZS1",3.043941044351845,"1996 dic."
"ZS1",134.7391550514567,"1997 ene."
"ZS1",358.9164602001926,"1997 feb."
"ZS1",227.3107738708628,"1997 jul."
"ZS1",108.77612849669093,"1997 ago."
"ZS1",221.49147481548425,"1997 sep."
"ZS1",89.52767777505427,"1997 oct."
"ZS1",13.787262377358358,"1997 nov."
"ZS1",8.59465706640521,"1998 feb."
"ZS1",2.50677497770152,"1998 mar."
"ZS1",26.14208191031585,"1998 jun."
"ZS1",533.0477934726731,"1998 jul."
"ZS1",147.89972368438967,"1998 ago."
"ZS1",33.21476845454514,"1998 sep."
"ZS1",3.2229963999019535,"1998 nov."
"ZS1",83.61885104190068,"1998 dic."
"ZS1",4.207800855427551,"1999 ene."
"ZS1",3.8496901443273335,"1999 feb."
"ZS1",4.9240222776279845,"1999 abr."
"ZS1",5.01354995540304,"1999 may."
"ZS1",33.483351487870294,"1999 jun."
"ZS1",13365.318432004527,"1999 jul."
"ZS1",1633.7905917169653,"1999 ago."
"ZS1",232.9510175706912,"1999 sep."
"ZS1",80.03774393089851,"1999 oct."
"ZS1",7.34126957755445,"1999 nov."
"ZS1",3.8496901443273335,"1999 dic."
"ZS1",27.932635465816933,"2000 ene."
"ZS1",3.4915794332271166,"2000 feb."
"ZS1",4.476383888752713,"2000 mar."
"ZS1",4.386856210977659,"2000 abr."
"ZS1",961.2586762707577,"2000 may."
"ZS1",20653.677151993918,"2000 jun."
"ZS1",279.0577716248442,"2000 jul."
"ZS1",48.70305670962952,"2000 ago."
"ZS1",124.89111049620071,"2000 sep."
"ZS1",12.265291855182435,"2000 oct."
"ZS1",3.402051755452062,"2000 nov."
"ZS1",4.028745499877442,"2000 dic."
"ZS1",110.92479276329225,"2001 ene."
"ZS1",91.40775900833042,"2001 feb."
"ZS1",109.76093295221654,"2001 mar."
"ZS1",9.758516877480915,"2001 abr."
"ZS1",314.5107320237656,"2001 may."
"ZS1",40.37698267654948,"2001 jun."
"ZS1",12.623402566282653,"2001 jul."
"ZS1",12.712930244057707,"2001 ago."
"ZS1",96.42130896373345,"2001 sep."
"ZS1",23.81436228816444,"2001 oct."
"ZS1",6.08788208870369,"2001 nov."
"ZS1",5.3716606665032565,"2001 dic."
"ZS1",3.2229963999019535,"2002 ene."
"ZS1",4.744966922077877,"2002 feb."
"ZS1",191.58923043861617,"2002 mar."
"ZS1",4.565911566527768,"2002 abr."
"ZS1",2435.421418514801,"2002 may."
"ZS1",2436.6748060036525,"2002 jun."
"ZS1",19808.26729076408,"2002 jul."
"ZS1",7149.769874793609,"2002 ago."
"ZS1",961.0796209152077,"2002 sep."
"ZS1",225.69927567091182,"2002 oct."
"ZS1",2599.615179554251,"2002 nov."
"ZS1",13.518679344033195,"2002 dic."
"ZS1",618.3676703922999,"2003 jul."
"ZS1",724.9951346223894,"2003 ago."
"ZS1",219.87997661553328,"2003 sep."
"ZS1",53.08991292060718,"2003 oct."
"ZS1",45.39053263195252,"2003 nov."
"ZS1",3.2229963999019535,"2003 dic."
"ZS1",2.9544133665767913,"2004 ene."
"ZS1",4.297328533202605,"2004 feb."
"ZS1",5.729771377603473,"2004 mar."
"ZS1",5.103077633178094,"2004 abr."
"ZS1",30.3498827657434,"2004 may."
"ZS1",12.533874888507599,"2004 jun."
"ZS1",208.77854457142655,"2004 jul."
"ZS1",404.5755758654702,"2004 sep."
"ZS1",36.348237176672036,"2004 oct."
"ZS1",6.625048155354016,"2004 nov."
"ZS1",3.581107111002171,"2004 dic."
"ZS1",132.59049078485538,"2005 ene."
"ZS1",3.2229963999019535,"2005 feb."
"ZS1",9.848044555255969,"2005 mar."
"ZS1",9.848044555255969,"2005 abr."
"ZS1",6357.360398806604,"2005 may."
"ZS1",855.9741272072939,"2005 jun."
"ZS1",263.3009003364346,"2005 jul."
"ZS1",97.4956410970341,"2005 ago."
"ZS1",6399.886045749755,"2005 sep."
"ZS1",732.7840425888191,"2005 oct."
"ZS1",92.2135081083059,"2005 nov."
"ZS1",2.8648856888017367,"2006 feb."
"ZS1",4.028745499877442,"2006 mar."
"ZS1",5.998354410928636,"2006 abr."
"ZS1",768.2370029877407,"2006 may."
"ZS1",2896.2203760230054,"2006 jun."
"ZS1",240.2027594704706,"2006 jul."
"ZS1",16894.857600608266,"2006 ago."
"ZS1",871.8205261734786,"2006 sep."
"ZS1",190.2463152719903,"2006 oct."
"ZS1",11.549070432982,"2006 nov."
"ZS1",3.1334687221268998,"2006 dic."
"ZS1",4.297328533202605,"2007 ene."
"ZS1",3.402051755452062,"2007 feb."
"ZS1",67.23528600906576,"2007 mar."
"ZS1",4.655439244302823,"2007 abr."
"ZS1",74.66608326439527,"2007 may."
"ZS1",5800.3191876902165,"2007 jul."
"ZS1",1147.6553013984208,"2007 ago."
"ZS1",2407.2202000156594,"2007 sep."
"ZS1",174.48944398358077,"2007 oct."
"ZS1",206.27176959372503,"2008 ene."
"ZS1",3.402051755452062,"2008 feb."
"ZS1",3.312524077677008,"2008 mar."
"ZS1",4.744966922077877,"2008 abr."
"ZS1",5.8192990553785275,"2008 oct."
"ZS1",2.775358011026682,"2008 nov."
"ZS1",3.8496901443273335,"2008 dic."
"ZS1",2.50677497770152,"2009 ene."
"ZS1",107.25415797451502,"2009 feb."
"ZS1",5.729771377603473,"2009 mar."
"ZS1",4.476383888752713,"2009 abr."
"ZS1",10.832849010781567,"2009 may."
"ZS1",1811.323976744898,"2009 jul."
"ZS1",355.3353530891904,"2009 ago."
"ZS1",54.07471737613278,"2009 sep."
"ZS1",9.579461521930806,"2009 oct."
"ZS1",2.775358011026682,"2009 nov."
"ZS1",2.417247299926465,"2009 dic."
"ZS1",2.9544133665767913,"2010 ene."
"ZS1",3.4915794332271166,"2010 feb."
"ZS1",7.162214222004342,"2010 mar."
"ZS1",19501.09782831787,"2010 may."
"ZS1",2204.5295375329365,"2010 jun."
"ZS1",327.04460691227325,"2010 jul."
"ZS1",138.67837287355906,"2010 ago."
"ZS1",89.2590947417291,"2010 sep."
"ZS1",34.82626665449611,"2010 oct."
"ZS1",5.998354410928636,"2010 nov."
"ZS1",2.8648856888017367,"2010 dic."
"ZS1",2.3277196221514114,"2011 ene."
"ZS1",115.84881504092021,"2011 feb."
"ZS1",20.680893566037536,"2011 abr."
"ZS1",1528.2374596201764,"2011 may."
"ZS1",3692.2109591210133,"2011 ago."
"ZS1",577.4535216491,"2011 sep."
"ZS1",90.06484384170459,"2011 nov."
"ZS1",2.8648856888017367,"2013 abr."
"ZS1",2222.6141284434975,"2013 may."
"ZS1",20857.710729643266,"2013 jun."
"ZS1",3610.1140786012884,"2013 jul."
"ZS1",869.1346958402269,"2013 ago."
"ZS1",10210.900233278266,"2013 sep."
"ZS1",59.7149610759612,"2013 nov."
"ZS1",0.5371660666503256,"2013 dic."
"ZS1",2978.048673509405,"2014 ene."
"ZS1",2.6858303332516282,"2014 feb."
"ZS1",56.13385396495903,"2014 mar."
"ZS1",2.9544133665767913,"2014 abr."
"ZS1",3.4915794332271166,"2014 may."
"ZS1",11819.264964507114,"2014 jun."
"ZS1",1552.8575710083162,"2014 jul."
"ZS1",519.0814757397646,"2014 ago."
"ZS1",490.4326188517473,"2014 sep."
"ZS1",86.66279208625254,"2014 oct."
"ZS1",7.0726865442292874,"2014 nov."
"ZS1",1.969608911051194,"2014 dic."
"ZS1",2.50677497770152,"2015 ene."
"ZS1",344.23392104508366,"2015 feb."
"ZS1",2.5963026554765736,"2015 mar."
"ZS1",5875.880547732362,"2015 abr."
"ZS1",516.9328114731634,"2015 may."
"ZS1",897.9626080837944,"2015 jun."
"ZS1",266.6134244141116,"2015 jul."
"ZS1",1999.600683105837,"2015 ago."
"ZS1",213.4339838157294,"2015 sep."
"ZS1",121.66811409629877,"2015 oct."
"ZS1",35.721543432246655,"2015 nov."
"ZS1",7.251741899779396,"2015 dic."
"ZS1",2.8648856888017367,"2016 ene."
"ZS1",2.3277196221514114,"2016 feb."
"ZS1",2.417247299926465,"2016 mar."
"ZS1",8874.252004096705,"2016 abr."
"ZS1",49.59833348738007,"2016 may."
"ZS1",19.785616788286994,"2016 jun."
"ZS1",7466.697854117301,"2016 jul."
"ZS1",10.02709991080608,"2016 ago."
"ZS1",4.83449459985293,"2016 sep."
"ZS1",2.2381919443763567,"2016 oct."
"ZS1",2.1486642666013025,"2016 nov."
"ZS1",2.0591365888262483,"2016 dic."
"ZS1",2.3277196221514114,"2017 ene."
"ZS1",2.417247299926465,"2017 feb."
"ZS1",131.7847416848799,"2017 mar."
"ZS1",279.3263546581693,"2017 abr."
"ZS1",33.12524077677008,"2017 may."
"ZS1",19748.46280201035,"2017 jun."
"ZS1",7442.973019506911,"2017 jul."
"ZS1",1457.9582325667589,"2017 ago."
"ZS1",274.13374934721617,"2017 sep."
"ZS1",77.88907966429721,"2017 oct."
"ZS1",17.905535555010854,"2017 nov."
"ZS1",6.356465122028854,"2017 dic."
"ZS1",2.50677497770152,"2018 ene."
"ZS1",3.8496901443273335,"2018 feb."
"ZS1",3.7601624665522797,"2018 mar."
"ZS1",25.963026554765737,"2018 abr."
"ZS1",4.565911566527768,"2018 may."
"ZS1",9.579461521930806,"2018 jun."
"ZS1",9315.444400172171,"2018 jul."
"ZS1",6118.858665213859,"2018 ago."
"ZS1",2156.9903406343824,"2018 sep."
"ZS1",265.53909228081096,"2018 oct."
"ZS1",40.37698267654948,"2018 nov."
"ZS1",5.998354410928636,"2018 dic."
"ZS1",2.50677497770152,"2019 ene."
"ZS1",14.6825391551089,"2019 feb."
"ZS1",3.402051755452062,"2019 mar."
"ZS1",4.297328533202605,"2019 abr."
"ZS1",128.11410689610267,"2019 may."
"ZS1",9599.247138719094,"2019 jun."
"ZS1",76.45663681989635,"2019 jul."
"ZS1",27.66405243249177,"2019 ago."
"ZS1",1030.2845158353246,"2019 sep."
"ZS1",171.62455829477906,"2019 oct."
"ZS1",8.59465706640521,"2019 nov."
"ZS1",2.417247299926465,"2019 dic."
"ZS1",2.5963026554765736,"2020 ene."
"ZS1",2.50677497770152,"2020 feb."
"ZS1",19.785616788286994,"2020 mar."
"ZS1",2.5963026554765736,"2020 abr."
"ZS1",2.775358011026682,"2020 may."
"ZS1",8.952767777505427,"2020 jun."
"ZS1",3.402051755452062,"2020 jul."
"ZS1",3.312524077677008,"2020 ago."
"ZS1",2532.29036586741,"2020 sep."
"ZS1",124.08536139622522,"2020 oct."
"ZS1",11.370015077431892,"2020 nov."
"ZS1",2.50677497770152,"2020 dic."
"ZS1",2.1486642666013025,"2021 ene."
"ZS1",2.2381919443763567,"2021 feb."
"ZS1",2.3277196221514114,"2021 mar."
"ZS1",2.50677497770152,"2021 abr."
"ZS1",4.028745499877442,"2021 may."
"ZS1",1767.7239976684466,"2021 jun."
"ZS1",1763.6952521685694,"2021 jul."
"ZS1",1090.357587622386,"2021 ago."
"ZS1",130.9789925849044,"2021 sep."
"ZS1",34.82626665449611,"2021 oct."
"ZS1",5.461188344278311,"2021 nov."
"ZS1",3.1334687221268998,"2021 dic."
"ZS1",3.2229963999019535,"2022 ene."
"ZS1",4.207800855427551,"2022 feb."
"ZS1",4.028745499877442,"2022 mar."
"ZS1",4.386856210977659,"2022 abr."
"ZS1",5.282132988728202,"2022 may."
"ZS1",2898.4585679673824,"2022 jun."
"ZS1",752.7487147326564,"2022 jul."
"ZS1",157.92682359519574,"2022 ago."
"ZS1",60.968348564811954,"2022 sep."
"ZS1",21.39711498823797,"2022 oct."
"ZS1",5.103077633178094,"2022 nov."
"ZS1",2.417247299926465,"2022 dic."
"ZS1",2.3277196221514114,"2023 ene."
"ZS1",31.603270254594158,"2023 feb."
"ZS1",1.4324428444008683,"2023 mar."
"ZS1",0.984804455525597,"2023 abr."
"ZS1",109.04471153001612,"2023 may."
"ZS1",35.184377365596326,"2023 jun."
"ZS1",7.34126957755445,"2023 jul."
"ZS1",2.8648856888017367,"2023 ago."
"ZS1",1.3429151666258141,"2023 sep."
"ZS1",0.08952767777505427,"2023 oct."
"ZS1",0,"2023 nov."
"ZS1",0,"2023 dic."
"ZS1",0.08952767777505427,"2024 ene."
"ZS1",0.44763838887527135,"2024 feb."
"ZS1",0,"2024 mar."
"ZS1",147.00444690663912,"2024 abr."
"ZS1",67.50386904239092,"2024 may."
"ZS1",29.3650783102178,"2024 jun."
"ZS1",16.383565032834934,"2024 jul."
"ZS1",6.893631188679179,"2024 ago."
"ZS1",9.4004061663807,"2024 sep."
"ZS1",64.54945567581413,"2024 oct."
"ZS1",9.22135081083059,"2024 nov."
"ZS1",11.638598110757055,"2024 dic."
"ZS1",14.593011477333846,"2025 ene."
"ZS1",16.025454321734713,"2025 feb."
"ZS1",31.42421489904405,"2025 mar."
"ZS2",16.04501821116277,"1986 ene."
"ZS2",26.073154593139506,"1986 feb."
"ZS2",5.755278271395342,"1986 mar."
"ZS2",6.7144913166279,"1986 abr."
"ZS2",15.347408723720914,"1986 may."
"ZS2",133.67941803104637,"1986 jul."
"ZS2",567.941323963604,"1986 ago."
"ZS2",83.71313849302315,"1986 sep."
"ZS2",19.707468020232536,"1986 oct."
"ZS2",22.06190004034881,"1986 nov."
"ZS2",6.278485386976737,"1986 dic."
"ZS2",6.278485386976737,"1987 ene."
"ZS2",6.0168818291860395,"1987 mar."
"ZS2",23.71872257302323,"1987 oct."
"ZS2",13.167379075465101,"1987 nov."
"ZS2",6.452887758837202,"1988 ene."
"ZS2",6.365686572906969,"1988 feb."
"ZS2",6.278485386976737,"1988 mar."
"ZS2",30.171610331860432,"1988 may."
"ZS2",13.86498856290696,"1988 jun."
"ZS2",51.274297326976686,"1988 jul."
"ZS2",10.28973993976743,"1988 ago."
"ZS2",7.935307919651153,"1988 sep."
"ZS2",14.911402794069751,"1988 oct."
"ZS2",6.540088944767434,"1988 nov."
"ZS2",6.801692502558132,"1988 dic."
"ZS2",6.801692502558132,"1989 ene."
"ZS2",6.627290130697666,"1989 mar."
"ZS2",22.41070478406974,"1989 abr."
"ZS2",14.388195678488355,"1989 may."
"ZS2",276.1661558410462,"1989 jun."
"ZS2",45.08301312593018,"1989 jul."
"ZS2",11.510556542790685,"1989 ago."
"ZS2",9.24332570860464,"1989 sep."
"ZS2",7.3248996181395265,"1989 oct."
"ZS2",6.540088944767434,"1989 nov."
"ZS2",6.104083015116273,"1989 dic."
"ZS2",7.3248996181395265,"1990 ene."
"ZS2",6.540088944767434,"1990 feb."
"ZS2",19.794669206162766,"1990 mar."
"ZS2",6.976094874418597,"1990 abr."
"ZS2",349.4151520224415,"1990 jun."
"ZS2",85.4571622116278,"1990 jul."
"ZS2",23.631521387092995,"1990 ago."
"ZS2",14.300994492558123,"1990 sep."
"ZS2",10.376941125697662,"1990 oct."
"ZS2",8.545716221162781,"1990 nov."
"ZS2",6.0168818291860395,"1990 dic."
"ZS2",6.104083015116273,"1991 ene."
"ZS2",6.627290130697666,"1991 feb."
"ZS2",5.406473527674412,"1991 mar."
"ZS2",6.452887758837202,"1991 abr."
"ZS2",7.84810673372092,"1991 may."
"ZS2",6.191284201046504,"1991 jun."
"ZS2",11.161751799069755,"1991 ago."
"ZS2",5.929680643255807,"1991 sep."
"ZS2",26.5963617087209,"1991 oct."
"ZS2",6.452887758837202,"1991 nov."
"ZS2",4.883266412093018,"1991 dic."
"ZS2",5.144869969883715,"1992 ene."
"ZS2",12.644171959883707,"1992 abr."
"ZS2",61.128031337092956,"1992 jun."
"ZS2",66.0984989351162,"1992 jul."
"ZS2",60.343220663720864,"1992 ago."
"ZS2",17.78904192976742,"1992 sep."
"ZS2",10.551343497558127,"1992 oct."
"ZS2",5.929680643255807,"1992 nov."
"ZS2",5.057668783953482,"1992 dic."
"ZS2",4.883266412093018,"1993 ene."
"ZS2",4.970467598023251,"1993 feb."
"ZS2",5.406473527674412,"1993 mar."
"ZS2",5.406473527674412,"1993 abr."
"ZS2",5.5808758995348775,"1993 may."
"ZS2",21.887497668488347,"1993 jun."
"ZS2",9.24332570860464,"1993 jul."
"ZS2",736.4140151808132,"1993 ago."
"ZS2",62.959256241627834,"1993 oct."
"ZS2",9.417728080465105,"1993 nov."
"ZS2",6.191284201046504,"1993 dic."
"ZS2",5.755278271395342,"1994 ene."
"ZS2",5.66807708546511,"1994 feb."
"ZS2",10.725745869418592,"1994 may."
"ZS2",6.976094874418597,"1994 jun."
"ZS2",6.7144913166279,"1994 jul."
"ZS2",8.89452096488371,"1994 oct."
"ZS2",6.191284201046504,"1994 nov."
"ZS2",6.278485386976737,"1995 ene."
"ZS2",6.365686572906969,"1995 mar."
"ZS2",6.191284201046504,"1995 abr."
"ZS2",42.815782291744135,"1995 may."
"ZS2",15.260207537790679,"1995 jun."
"ZS2",9.156124522674407,"1995 jul."
"ZS2",9.0689233367441755,"1995 ago."
"ZS2",5.929680643255807,"1995 sep."
"ZS2",12.295367216162777,"1995 oct."
"ZS2",5.232071155813947,"1995 dic."
"ZS2",5.144869969883715,"1996 feb."
"ZS2",5.232071155813947,"1996 mar."
"ZS2",5.057668783953482,"1996 abr."
"ZS2",17.701840743837188,"1996 may."
"ZS2",5.057668783953482,"1996 jun."
"ZS2",59.820013548139464,"1996 jul."
"ZS2",23.71872257302323,"1996 ago."
"ZS2",483.0945700534878,"1996 sep."
"ZS2",37.14770520627903,"1996 oct."
"ZS2",2.267230834186044,"1996 nov."
"ZS2",2.703236763837206,"1996 dic."
"ZS2",5.5808758995348775,"1997 ene."
"ZS2",4.970467598023251,"1997 feb."
"ZS2",40.81015501534879,"1997 jul."
"ZS2",27.293971196162758,"1997 ago."
"ZS2",43.94939770883716,"1997 sep."
"ZS2",23.457119015232532,"1997 oct."
"ZS2",8.89452096488371,"1997 nov."
"ZS2",6.0168818291860395,"1998 feb."
"ZS2",5.057668783953482,"1998 mar."
"ZS2",7.237698432209294,"1998 jun."
"ZS2",249.65699531825553,"1998 jul."
"ZS2",18.39945023127905,"1998 ago."
"ZS2",8.720118593023246,"1998 sep."
"ZS2",5.5808758995348775,"1998 nov."
"ZS2",6.191284201046504,"1998 dic."
"ZS2",6.104083015116273,"1999 ene."
"ZS2",5.929680643255807,"1999 feb."
"ZS2",5.929680643255807,"1999 abr."
"ZS2",5.929680643255807,"1999 may."
"ZS2",6.278485386976737,"1999 jun."
"ZS2",679.5588419543016,"1999 jul."
"ZS2",136.38265479488356,"1999 ago."
"ZS2",30.607616261511595,"1999 sep."
"ZS2",23.3699178293023,"1999 oct."
"ZS2",8.284112663372083,"1999 nov."
"ZS2",6.801692502558132,"1999 dic."
"ZS2",6.627290130697666,"2000 ene."
"ZS2",5.755278271395342,"2000 feb."
"ZS2",6.365686572906969,"2000 mar."
"ZS2",6.191284201046504,"2000 abr."
"ZS2",7.499301989999992,"2000 may."
"ZS2",696.5630732106969,"2000 jun."
"ZS2",13.952189748837194,"2000 jul."
"ZS2",6.801692502558132,"2000 ago."
"ZS2",9.592130452325572,"2000 sep."
"ZS2",5.755278271395342,"2000 oct."
"ZS2",6.278485386976737,"2000 nov."
"ZS2",6.452887758837202,"2000 dic."
"ZS2",8.45851503523255,"2001 ene."
"ZS2",6.8888936884883645,"2001 feb."
"ZS2",6.540088944767434,"2001 mar."
"ZS2",6.627290130697666,"2001 abr."
"ZS2",96.27010926697663,"2001 may."
"ZS2",7.237698432209294,"2001 jun."
"ZS2",6.801692502558132,"2001 jul."
"ZS2",6.452887758837202,"2001 ago."
"ZS2",8.45851503523255,"2001 sep."
"ZS2",7.7609055477906885,"2001 oct."
"ZS2",6.627290130697666,"2001 nov."
"ZS2",6.976094874418597,"2001 dic."
"ZS2",6.452887758837202,"2002 ene."
"ZS2",6.452887758837202,"2002 feb."
"ZS2",7.150497246279062,"2002 mar."
"ZS2",6.7144913166279,"2002 abr."
"ZS2",255.15067003186016,"2002 may."
"ZS2",99.32215077453476,"2002 jun."
"ZS2",718.9737779947666,"2002 jul."
"ZS2",209.19564504662767,"2002 ago."
"ZS2",54.15193646267436,"2002 sep."
"ZS2",26.509160522790665,"2002 oct."
"ZS2",32.87484709569764,"2002 nov."
"ZS2",63.6568657290697,"2002 dic."
"ZS2",38.01971706558135,"2003 jul."
"ZS2",54.06473527674412,"2003 ago."
"ZS2",22.846710713720903,"2003 sep."
"ZS2",13.167379075465101,"2003 oct."
"ZS2",7.237698432209294,"2003 nov."
"ZS2",6.365686572906969,"2003 dic."
"ZS2",7.063296060348829,"2004 ene."
"ZS2",7.499301989999992,"2004 feb."
"ZS2",7.7609055477906885,"2004 mar."
"ZS2",7.935307919651153,"2004 abr."
"ZS2",7.586503175930224,"2004 may."
"ZS2",7.673704361860457,"2004 jun."
"ZS2",27.468373568023225,"2004 jul."
"ZS2",45.60622024151158,"2004 sep."
"ZS2",12.033763658372079,"2004 oct."
"ZS2",6.976094874418597,"2004 nov."
"ZS2",6.627290130697666,"2004 dic."
"ZS2",6.627290130697666,"2005 ene."
"ZS2",5.842479457325575,"2005 feb."
"ZS2",6.801692502558132,"2005 mar."
"ZS2",46.216628543023205,"2005 abr."
"ZS2",310.1746183538369,"2005 may."
"ZS2",53.1927234174418,"2005 jun."
"ZS2",23.544320201162762,"2005 jul."
"ZS2",12.818574331744172,"2005 ago."
"ZS2",262.6499720218602,"2005 sep."
"ZS2",45.257415497790646,"2005 oct."
"ZS2",16.9170300704651,"2005 nov."
"ZS2",6.278485386976737,"2006 feb."
"ZS2",6.7144913166279,"2006 mar."
"ZS2",6.976094874418597,"2006 abr."
"ZS2",56.33196611093017,"2006 may."
"ZS2",78.82987208093014,"2006 jun."
"ZS2",20.666681065465095,"2006 jul."
"ZS2",617.9076035016271,"2006 ago."
"ZS2",40.11254552790693,"2006 sep."
"ZS2",17.876243115697655,"2006 oct."
"ZS2",7.150497246279062,"2006 nov."
"ZS2",6.365686572906969,"2006 dic."
"ZS2",6.976094874418597,"2007 ene."
"ZS2",6.627290130697666,"2007 feb."
"ZS2",6.801692502558132,"2007 mar."
"ZS2",6.801692502558132,"2007 abr."
"ZS2",7.7609055477906885,"2007 may."
"ZS2",346.7119152586043,"2007 jul."
"ZS2",133.33061328732543,"2007 ago."
"ZS2",115.19276661383707,"2007 sep."
"ZS2",23.28271664337207,"2007 oct."
"ZS2",18.48665141720928,"2008 ene."
"ZS2",5.319272341744179,"2008 feb."
"ZS2",5.755278271395342,"2008 mar."
"ZS2",5.929680643255807,"2008 abr."
"ZS2",7.150497246279062,"2008 oct."
"ZS2",6.540088944767434,"2008 nov."
"ZS2",6.452887758837202,"2008 dic."
"ZS2",6.191284201046504,"2009 ene."
"ZS2",6.7144913166279,"2009 feb."
"ZS2",6.8888936884883645,"2009 mar."
"ZS2",7.3248996181395265,"2009 abr."
"ZS2",7.150497246279062,"2009 may."
"ZS2",81.88191358848827,"2009 jul."
"ZS2",21.189888181046488,"2009 ago."
"ZS2",11.597757728720916,"2009 sep."
"ZS2",6.627290130697666,"2009 oct."
"ZS2",6.191284201046504,"2009 nov."
"ZS2",5.842479457325575,"2009 dic."
"ZS2",6.627290130697666,"2010 ene."
"ZS2",6.540088944767434,"2010 feb."
"ZS2",7.063296060348829,"2010 mar."
"ZS2",403.30548492732515,"2010 may."
"ZS2",39.58933841232553,"2010 jun."
"ZS2",12.905775517674403,"2010 jul."
"ZS2",8.89452096488371,"2010 ago."
"ZS2",7.3248996181395265,"2010 sep."
"ZS2",8.720118593023246,"2010 oct."
"ZS2",5.5808758995348775,"2010 nov."
"ZS2",5.406473527674412,"2010 dic."
"ZS2",5.5808758995348775,"2011 ene."
"ZS2",6.104083015116273,"2011 feb."
"ZS2",5.5808758995348775,"2011 abr."
"ZS2",17.44023718604649,"2011 may."
"ZS2",126.96492671441845,"2011 ago."
"ZS2",31.479628120813917,"2011 sep."
"ZS2",12.120964844302312,"2011 nov."
"ZS2",6.7144913166279,"2013 abr."
"ZS2",102.19978991023244,"2013 may."
"ZS2",761.2663531709294,"2013 jun."
"ZS2",98.62454128709291,"2013 jul."
"ZS2",43.68779415104646,"2013 ago."
"ZS2",67.05771198034877,"2013 sep."
"ZS2",10.028136381976733,"2013 nov."
"ZS2",6.540088944767434,"2013 dic."
"ZS2",210.06765690593,"2014 ene."
"ZS2",6.104083015116273,"2014 feb."
"ZS2",6.452887758837202,"2014 mar."
"ZS2",6.7144913166279,"2014 abr."
"ZS2",6.801692502558132,"2014 may."
"ZS2",338.8638085248833,"2014 jun."
"ZS2",46.216628543023205,"2014 jul."
"ZS2",20.49227869360463,"2014 ago."
"ZS2",23.195515457441832,"2014 sep."
"ZS2",9.766532824186037,"2014 oct."
"ZS2",6.540088944767434,"2014 nov."
"ZS2",5.755278271395342,"2014 dic."
"ZS2",6.7144913166279,"2015 ene."
"ZS2",6.278485386976737,"2015 feb."
"ZS2",6.452887758837202,"2015 mar."
"ZS2",195.33065648372073,"2015 abr."
"ZS2",51.18709614104645,"2015 may."
"ZS2",85.4571622116278,"2015 jun."
"ZS2",36.014089789186,"2015 jul."
"ZS2",75.86503175930224,"2015 ago."
"ZS2",28.253184241395317,"2015 sep."
"ZS2",25.54994747755811,"2015 oct."
"ZS2",12.208166030232546,"2015 nov."
"ZS2",7.84810673372092,"2015 dic."
"ZS2",6.452887758837202,"2016 ene."
"ZS2",6.365686572906969,"2016 feb."
"ZS2",6.191284201046504,"2016 mar."
"ZS2",393.1901473594182,"2016 abr."
"ZS2",12.731373145813938,"2016 may."
"ZS2",11.074550613139523,"2016 jun."
"ZS2",150.77085047337192,"2016 jul."
"ZS2",6.627290130697666,"2016 ago."
"ZS2",6.627290130697666,"2016 sep."
"ZS2",6.452887758837202,"2016 oct."
"ZS2",6.452887758837202,"2016 nov."
"ZS2",6.365686572906969,"2016 dic."
"ZS2",6.540088944767434,"2017 ene."
"ZS2",5.755278271395342,"2017 feb."
"ZS2",5.755278271395342,"2017 mar."
"ZS2",15.260207537790679,"2017 abr."
"ZS2",6.452887758837202,"2017 may."
"ZS2",736.9372222963945,"2017 jun."
"ZS2",164.63583903627887,"2017 jul."
"ZS2",47.43744514604646,"2017 ago."
"ZS2",23.980326130813925,"2017 sep."
"ZS2",13.777787376976729,"2017 oct."
"ZS2",8.109710291511618,"2017 nov."
"ZS2",6.540088944767434,"2017 dic."
"ZS2",6.627290130697666,"2018 ene."
"ZS2",5.66807708546511,"2018 feb."
"ZS2",6.278485386976737,"2018 mar."
"ZS2",8.371313849302316,"2018 abr."
"ZS2",6.452887758837202,"2018 may."
"ZS2",6.452887758837202,"2018 jun."
"ZS2",450.48132651558086,"2018 jul."
"ZS2",318.72033457499964,"2018 ago."
"ZS2",124.26168995058124,"2018 sep."
"ZS2",24.85233799011625,"2018 oct."
"ZS2",10.812947055348824,"2018 nov."
"ZS2",6.7144913166279,"2018 dic."
"ZS2",6.7144913166279,"2019 ene."
"ZS2",6.365686572906969,"2019 feb."
"ZS2",6.7144913166279,"2019 mar."
"ZS2",7.150497246279062,"2019 abr."
"ZS2",44.995811939999946,"2019 may."
"ZS2",43.774995336976694,"2019 jun."
"ZS2",20.753882251395325,"2019 jul."
"ZS2",10.98734942720929,"2019 ago."
"ZS2",18.573852603139514,"2019 sep."
"ZS2",9.940935196046501,"2019 oct."
"ZS2",6.278485386976737,"2019 nov."
"ZS2",5.929680643255807,"2019 dic."
"ZS2",6.104083015116273,"2020 ene."
"ZS2",6.104083015116273,"2020 feb."
"ZS2",6.365686572906969,"2020 mar."
"ZS2",6.540088944767434,"2020 abr."
"ZS2",6.540088944767434,"2020 may."
"ZS2",7.586503175930224,"2020 jun."
"ZS2",6.627290130697666,"2020 jul."
"ZS2",6.7144913166279,"2020 ago."
"ZS2",38.71732655302321,"2020 sep."
"ZS2",10.638544683488359,"2020 oct."
"ZS2",6.0168818291860395,"2020 nov."
"ZS2",5.929680643255807,"2020 dic."
"ZS2",6.104083015116273,"2021 ene."
"ZS2",6.452887758837202,"2021 feb."
"ZS2",6.365686572906969,"2021 mar."
"ZS2",6.540088944767434,"2021 abr."
"ZS2",7.150497246279062,"2021 may."
"ZS2",82.14351714627898,"2021 jun."
"ZS2",110.57110375953475,"2021 jul."
"ZS2",75.16742227186037,"2021 ago."
"ZS2",23.195515457441832,"2021 sep."
"ZS2",12.644171959883707,"2021 oct."
"ZS2",7.237698432209294,"2021 nov."
"ZS2",6.0168818291860395,"2021 dic."
"ZS2",5.493674713604645,"2022 ene."
"ZS2",6.104083015116273,"2022 feb."
"ZS2",6.452887758837202,"2022 mar."
"ZS2",6.452887758837202,"2022 abr."
"ZS2",6.7144913166279,"2022 may."
"ZS2",22.67230834186044,"2022 jun."
"ZS2",33.223651839418565,"2022 jul."
"ZS2",10.98734942720929,"2022 ago."
"ZS2",8.022509105581385,"2022 sep."
"ZS2",6.365686572906969,"2022 oct."
"ZS2",5.66807708546511,"2022 nov."
"ZS2",5.493674713604645,"2022 dic."
"ZS2",5.493674713604645,"2023 ene."
"ZS2",6.7144913166279,"2023 feb."
"ZS2",5.493674713604645,"2023 mar."
"ZS2",4.970467598023251,"2023 abr."
"ZS2",24.41633206046509,"2023 may."
"ZS2",11.68495891465115,"2023 jun."
"ZS2",6.365686572906969,"2023 jul."
"ZS2",4.796065226162786,"2023 ago."
"ZS2",3.6624498090697633,"2023 sep."
"ZS2",2.9648403216279036,"2023 oct."
"ZS2",2.3544320201162763,"2023 nov."
"ZS2",2.005627276395346,"2023 dic."
"ZS2",1.8312249045348816,"2024 ene."
"ZS2",1.133615417093022,"2024 feb."
"ZS2",0.17440237186046492,"2024 mar."
"ZS2",7.499301989999992,"2024 abr."
"ZS2",5.144869969883715,"2024 may."
"ZS2",2.1800296482558115,"2024 jun."
"ZS2",0.9592130452325571,"2024 jul."
"ZS2",0.4360059296511623,"2024 ago."
"ZS2",0.17440237186046492,"2024 sep."
"ZS2",2.3544320201162763,"2024 oct."
"ZS2",0,"2024 nov."
"ZS2",0,"2024 dic."
"ZS2",0,"2025 ene."
"ZS2",0,"2025 feb."
"ZS2",0,"2025 mar."
"ZS3",417.3312913651529,"1986 ene."
"ZS3",0,"1986 feb."
"ZS3",0,"1986 mar."
"ZS3",0,"1986 abr."
"ZS3",1.7857564885115658,"1986 may."
"ZS3",488.85083873004106,"1986 jul."
"ZS3",2102.192538275815,"1986 ago."
"ZS3",85.8948870974063,"1986 sep."
"ZS3",6.875162480769528,"1986 oct."
"ZS3",0.17857564885115657,"1986 nov."
"ZS3",2.5000590839161916,"1986 dic."
"ZS3",0,"1987 ene."
"ZS3",0,"1987 mar."
"ZS3",74.73390904420901,"1987 oct."
"ZS3",12.768158892857695,"1987 nov."
"ZS3",0,"1988 ene."
"ZS3",9.107358091408985,"1988 feb."
"ZS3",0.17857564885115657,"1988 mar."
"ZS3",2.4107712594906134,"1988 may."
"ZS3",3.928664274725444,"1988 jun."
"ZS3",367.3301096868291,"1988 jul."
"ZS3",10.625251106643814,"1988 ago."
"ZS3",0.08928782442557828,"1988 sep."
"ZS3",0,"1988 oct."
"ZS3",0,"1988 nov."
"ZS3",0,"1988 dic."
"ZS3",0,"1989 ene."
"ZS3",1.0714538931069393,"1989 mar."
"ZS3",4.017952099151023,"1989 abr."
"ZS3",0.982166068681361,"1989 may."
"ZS3",322.86477312289105,"1989 jun."
"ZS3",3.6608008014487092,"1989 jul."
"ZS3",0.35715129770231313,"1989 ago."
"ZS3",0.5357269465534696,"1989 sep."
"ZS3",0,"1989 oct."
"ZS3",0,"1989 nov."
"ZS3",0,"1989 dic."
"ZS3",0,"1990 ene."
"ZS3",0,"1990 feb."
"ZS3",0,"1990 mar."
"ZS3",0.44643912212789144,"1990 abr."
"ZS3",1548.7866024860807,"1990 jun."
"ZS3",307.06082819956373,"1990 jul."
"ZS3",45.26892698376819,"1990 ago."
"ZS3",8.75020679370667,"1990 sep."
"ZS3",1.875044312937144,"1990 oct."
"ZS3",0.08928782442557828,"1990 nov."
"ZS3",0,"1990 dic."
"ZS3",0,"1991 ene."
"ZS3",0,"1991 feb."
"ZS3",0,"1991 mar."
"ZS3",0.2678634732767348,"1991 abr."
"ZS3",1.5178930152348307,"1991 may."
"ZS3",3.482225152597553,"1991 jun."
"ZS3",46.25109305244955,"1991 ago."
"ZS3",17.321837938562187,"1991 sep."
"ZS3",10.089524160090345,"1991 oct."
"ZS3",0.08928782442557828,"1991 nov."
"ZS3",12.946734541708851,"1991 dic."
"ZS3",0.44643912212789144,"1992 ene."
"ZS3",18.750443129371437,"1992 abr."
"ZS3",174.64698457643112,"1992 jun."
"ZS3",162.23597698127574,"1992 jul."
"ZS3",1200.6533750507513,"1992 ago."
"ZS3",29.01854293831294,"1992 sep."
"ZS3",4.285815572427757,"1992 oct."
"ZS3",0,"1992 nov."
"ZS3",0,"1992 dic."
"ZS3",0,"1993 ene."
"ZS3",0,"1993 feb."
"ZS3",121.87788034091434,"1993 mar."
"ZS3",0.08928782442557828,"1993 abr."
"ZS3",4.910830343406806,"1993 may."
"ZS3",16.518247518731982,"1993 jun."
"ZS3",8.125192022727623,"1993 jul."
"ZS3",7787.951909872214,"1993 ago."
"ZS3",572.6921058656591,"1993 oct."
"ZS3",0,"1993 nov."
"ZS3",0,"1993 dic."
"ZS3",0,"1994 ene."
"ZS3",0,"1994 feb."
"ZS3",5.267981641109119,"1994 may."
"ZS3",6.25014770979048,"1994 jun."
"ZS3",12.678871068432116,"1994 jul."
"ZS3",0,"1994 oct."
"ZS3",0,"1994 nov."
"ZS3",0,"1995 ene."
"ZS3",0.5357269465534696,"1995 mar."
"ZS3",1.5178930152348307,"1995 abr."
"ZS3",181.7900105304774,"1995 may."
"ZS3",53.75127030419813,"1995 jun."
"ZS3",18.66115530494586,"1995 jul."
"ZS3",9.821660686813612,"1995 ago."
"ZS3",2.4107712594906134,"1995 sep."
"ZS3",0.5357269465534696,"1995 oct."
"ZS3",0,"1995 dic."
"ZS3",0.08928782442557828,"1996 feb."
"ZS3",0.2678634732767348,"1996 mar."
"ZS3",0.35715129770231313,"1996 abr."
"ZS3",9.196645915834564,"1996 may."
"ZS3",7.678752900599733,"1996 jun."
"ZS3",65.44797530394888,"1996 jul."
"ZS3",38.12590102972192,"1996 ago."
"ZS3",7143.650968817242,"1996 sep."
"ZS3",8.83949461813225,"1996 oct."
"ZS3",0.08928782442557828,"1996 nov."
"ZS3",0,"1996 dic."
"ZS3",25.268454312438653,"1997 ene."
"ZS3",87.5913557614923,"1997 feb."
"ZS3",35.536554121380156,"1997 jul."
"ZS3",11.071690228771706,"1997 ago."
"ZS3",28.393528167333894,"1997 sep."
"ZS3",0.17857564885115657,"1997 oct."
"ZS3",0,"1997 nov."
"ZS3",0,"1998 feb."
"ZS3",0,"1998 mar."
"ZS3",5.089405992257962,"1998 jun."
"ZS3",9.464509389111297,"1998 jul."
"ZS3",1.6964686640859874,"1998 ago."
"ZS3",0,"1998 sep."
"ZS3",0,"1998 nov."
"ZS3",7.4108894273229975,"1998 dic."
"ZS3",0.08928782442557828,"1999 ene."
"ZS3",0,"1999 feb."
"ZS3",0.35715129770231313,"1999 abr."
"ZS3",0.8035904198302045,"1999 may."
"ZS3",4.910830343406806,"1999 jun."
"ZS3",6856.054886342454,"1999 jul."
"ZS3",624.0326049103667,"1999 ago."
"ZS3",94.37723041783623,"1999 sep."
"ZS3",32.23290461763376,"1999 oct."
"ZS3",46.34038087687513,"1999 nov."
"ZS3",26.607771678822328,"1999 dic."
"ZS3",18.393291831669128,"2000 ene."
"ZS3",1.7857564885115658,"2000 feb."
"ZS3",0.8928782442557829,"2000 mar."
"ZS3",0,"2000 abr."
"ZS3",23.39340999950151,"2000 may."
"ZS3",8748.510325042585,"2000 jun."
"ZS3",8.125192022727623,"2000 jul."
"ZS3",0,"2000 ago."
"ZS3",13.5717493126879,"2000 sep."
"ZS3",4.732254694555649,"2000 oct."
"ZS3",0,"2000 nov."
"ZS3",30.447148129122194,"2000 dic."
"ZS3",0.17857564885115657,"2001 ene."
"ZS3",24.643439541459603,"2001 feb."
"ZS3",23.75056129720382,"2001 mar."
"ZS3",0.2678634732767348,"2001 abr."
"ZS3",1.5178930152348307,"2001 may."
"ZS3",0.2678634732767348,"2001 jun."
"ZS3",0,"2001 jul."
"ZS3",0,"2001 ago."
"ZS3",0.17857564885115657,"2001 sep."
"ZS3",35.80441759465689,"2001 oct."
"ZS3",8.660918969281093,"2001 nov."
"ZS3",10.44667545779266,"2001 dic."
"ZS3",0.08928782442557828,"2002 ene."
"ZS3",4.107239923576601,"2002 feb."
"ZS3",1.964332137362722,"2002 mar."
"ZS3",0.08928782442557828,"2002 abr."
"ZS3",1651.1104492777936,"2002 may."
"ZS3",534.2983413626604,"2002 jun."
"ZS3",8496.718660162454,"2002 jul."
"ZS3",1451.6414495110519,"2002 ago."
"ZS3",262.5954916356257,"2002 sep."
"ZS3",76.16251423501828,"2002 oct."
"ZS3",1667.4501211476745,"2002 nov."
"ZS3",129.64592106593966,"2002 dic."
"ZS3",131.07452625674892,"2003 jul."
"ZS3",327.32916434416995,"2003 ago."
"ZS3",32.50076809091049,"2003 sep."
"ZS3",4.375103396853335,"2003 oct."
"ZS3",0,"2003 nov."
"ZS3",0,"2003 dic."
"ZS3",0,"2004 ene."
"ZS3",0,"2004 feb."
"ZS3",0.08928782442557828,"2004 mar."
"ZS3",0,"2004 abr."
"ZS3",0.2678634732767348,"2004 may."
"ZS3",1.7857564885115658,"2004 jun."
"ZS3",2.1429077862138786,"2004 jul."
"ZS3",16.964686640859874,"2004 sep."
"ZS3",0,"2004 oct."
"ZS3",0,"2004 nov."
"ZS3",0.6250147709790479,"2004 dic."
"ZS3",15.625369274476197,"2005 ene."
"ZS3",0,"2005 feb."
"ZS3",50.35833297602615,"2005 mar."
"ZS3",0.44643912212789144,"2005 abr."
"ZS3",1968.0822259885965,"2005 may."
"ZS3",188.3973095379702,"2005 jun."
"ZS3",46.69753217457744,"2005 jul."
"ZS3",8.214479847153202,"2005 ago."
"ZS3",1265.5656234081466,"2005 sep."
"ZS3",161.6109622102967,"2005 oct."
"ZS3",11.160978053197285,"2005 nov."
"ZS3",0,"2006 feb."
"ZS3",0.08928782442557828,"2006 mar."
"ZS3",0.08928782442557828,"2006 abr."
"ZS3",11.5181293508996,"2006 may."
"ZS3",350.63328651924587,"2006 jun."
"ZS3",20.536199617883003,"2006 jul."
"ZS3",7887.507834106735,"2006 ago."
"ZS3",195.2724720187397,"2006 sep."
"ZS3",34.107948930570906,"2006 oct."
"ZS3",0,"2006 nov."
"ZS3",0,"2006 dic."
"ZS3",0,"2007 ene."
"ZS3",0,"2007 feb."
"ZS3",2.9464982060440836,"2007 mar."
"ZS3",2.4107712594906134,"2007 abr."
"ZS3",0.08928782442557828,"2007 may."
"ZS3",2548.6316604037065,"2007 jul."
"ZS3",270.0063810629487,"2007 ago."
"ZS3",465.2788530816884,"2007 sep."
"ZS3",29.1971185871641,"2007 oct."
"ZS3",22.411243930820145,"2008 ene."
"ZS3",0.17857564885115657,"2008 feb."
"ZS3",0,"2008 mar."
"ZS3",0,"2008 abr."
"ZS3",0,"2008 oct."
"ZS3",0,"2008 nov."
"ZS3",0,"2008 dic."
"ZS3",0,"2009 ene."
"ZS3",105.09176934890563,"2009 feb."
"ZS3",0,"2009 mar."
"ZS3",0,"2009 abr."
"ZS3",0.35715129770231313,"2009 may."
"ZS3",297.41774316160127,"2009 jul."
"ZS3",103.03814938711733,"2009 ago."
"ZS3",8.571631144855514,"2009 sep."
"ZS3",0.2678634732767348,"2009 oct."
"ZS3",0,"2009 nov."
"ZS3",0,"2009 dic."
"ZS3",0.08928782442557828,"2010 ene."
"ZS3",0,"2010 feb."
"ZS3",0,"2010 mar."
"ZS3",6319.79221284243,"2010 may."
"ZS3",223.75528801049916,"2010 jun."
"ZS3",24.46486389260845,"2010 jul."
"ZS3",5.000118167832383,"2010 ago."
"ZS3",2.0536199617883004,"2010 sep."
"ZS3",0.35715129770231313,"2010 oct."
"ZS3",0,"2010 nov."
"ZS3",0,"2010 dic."
"ZS3",0,"2011 ene."
"ZS3",16.60753534315756,"2011 feb."
"ZS3",0.8928782442557829,"2011 abr."
"ZS3",0.8928782442557829,"2011 may."
"ZS3",972.433695818973,"2011 ago."
"ZS3",110.98476576099381,"2011 sep."
"ZS3",12.589583244006537,"2011 nov."
"ZS3",0,"2013 abr."
"ZS3",415.9919739987692,"2013 may."
"ZS3",8947.71146133605,"2013 jun."
"ZS3",1497.9818303879267,"2013 jul."
"ZS3",204.37983011014867,"2013 ago."
"ZS3",1283.3339004688366,"2013 sep."
"ZS3",6.25014770979048,"2013 nov."
"ZS3",0.35715129770231313,"2013 dic."
"ZS3",960.4691273459456,"2014 ene."
"ZS3",0,"2014 feb."
"ZS3",0,"2014 mar."
"ZS3",0.08928782442557828,"2014 abr."
"ZS3",0.08928782442557828,"2014 may."
"ZS3",3003.463838027602,"2014 jun."
"ZS3",390.5449440374794,"2014 jul."
"ZS3",148.93209114186456,"2014 ago."
"ZS3",50.17975732717499,"2014 sep."
"ZS3",5.17869381668354,"2014 oct."
"ZS3",0,"2014 nov."
"ZS3",0,"2014 dic."
"ZS3",0,"2015 ene."
"ZS3",5.535845114385853,"2015 feb."
"ZS3",0,"2015 mar."
"ZS3",1826.6503120984805,"2015 abr."
"ZS3",132.68170709640933,"2015 may."
"ZS3",140.6283234702858,"2015 jun."
"ZS3",45.89394175474723,"2015 jul."
"ZS3",363.66930888538036,"2015 ago."
"ZS3",30.71501160239893,"2015 sep."
"ZS3",9.375221564685718,"2015 oct."
"ZS3",0.17857564885115657,"2015 nov."
"ZS3",0,"2015 dic."
"ZS3",0,"2016 ene."
"ZS3",0,"2016 feb."
"ZS3",0,"2016 mar."
"ZS3",8159.032108184918,"2016 abr."
"ZS3",3.214361679320818,"2016 may."
"ZS3",0.6250147709790479,"2016 jun."
"ZS3",4363.138828380308,"2016 jul."
"ZS3",0.6250147709790479,"2016 ago."
"ZS3",0,"2016 sep."
"ZS3",0,"2016 oct."
"ZS3",0,"2016 nov."
"ZS3",0,"2016 dic."
"ZS3",0,"2017 ene."
"ZS3",0,"2017 feb."
"ZS3",0,"2017 mar."
"ZS3",0,"2017 abr."
"ZS3",0.17857564885115657,"2017 may."
"ZS3",8631.543275045078,"2017 jun."
"ZS3",1968.350089461873,"2017 jul."
"ZS3",307.15011602398926,"2017 ago."
"ZS3",59.73355454071187,"2017 sep."
"ZS3",48.39400083866343,"2017 oct."
"ZS3",24.107712594906136,"2017 nov."
"ZS3",10.89311457992055,"2017 dic."
"ZS3",14.196764083666947,"2018 ene."
"ZS3",4.910830343406806,"2018 feb."
"ZS3",1.4286051908092525,"2018 mar."
"ZS3",1.6964686640859874,"2018 abr."
"ZS3",0,"2018 may."
"ZS3",0,"2018 jun."
"ZS3",2270.946526440158,"2018 jul."
"ZS3",1644.9495893924286,"2018 ago."
"ZS3",446.9748490744449,"2018 sep."
"ZS3",65.18011183067215,"2018 oct."
"ZS3",1.5178930152348307,"2018 nov."
"ZS3",0,"2018 dic."
"ZS3",0,"2019 ene."
"ZS3",0,"2019 feb."
"ZS3",0,"2019 mar."
"ZS3",0.2678634732767348,"2019 abr."
"ZS3",177.77205843132634,"2019 may."
"ZS3",63.93008228871405,"2019 jun."
"ZS3",6.160859885364901,"2019 jul."
"ZS3",0.08928782442557828,"2019 ago."
"ZS3",196.6117893851234,"2019 sep."
"ZS3",41.34026270904274,"2019 oct."
"ZS3",0.08928782442557828,"2019 nov."
"ZS3",0,"2019 dic."
"ZS3",0,"2020 ene."
"ZS3",0,"2020 feb."
"ZS3",0,"2020 mar."
"ZS3",0,"2020 abr."
"ZS3",0,"2020 may."
"ZS3",0,"2020 jun."
"ZS3",0,"2020 jul."
"ZS3",0,"2020 ago."
"ZS3",73.57316732667651,"2020 sep."
"ZS3",0,"2020 oct."
"ZS3",0,"2020 nov."
"ZS3",0,"2020 dic."
"ZS3",0,"2021 ene."
"ZS3",0,"2021 feb."
"ZS3",0,"2021 mar."
"ZS3",0,"2021 abr."
"ZS3",0,"2021 may."
"ZS3",24.46486389260845,"2021 jun."
"ZS3",2858.281835511612,"2021 jul."
"ZS3",421.3492434643039,"2021 ago."
"ZS3",35.536554121380156,"2021 sep."
"ZS3",1.6964686640859874,"2021 oct."
"ZS3",0,"2021 nov."
"ZS3",0,"2021 dic."
"ZS3",0,"2022 ene."
"ZS3",0.17857564885115657,"2022 feb."
"ZS3",0.08928782442557828,"2022 mar."
"ZS3",0.17857564885115657,"2022 abr."
"ZS3",0.17857564885115657,"2022 may."
"ZS3",83.4841158379157,"2022 jun."
"ZS3",176.87918018707057,"2022 jul."
"ZS3",34.73296370154995,"2022 ago."
"ZS3",7.500177251748576,"2022 sep."
"ZS3",0.08928782442557828,"2022 oct."
"ZS3",0,"2022 nov."
"ZS3",0,"2022 dic."
"ZS3",0,"2023 ene."
"ZS3",0,"2023 feb."
"ZS3",0,"2023 mar."
"ZS3",0,"2023 abr."
"ZS3",57.41207110564684,"2023 may."
"ZS3",24.018424770480557,"2023 jun."
"ZS3",4.375103396853335,"2023 jul."
"ZS3",0.2678634732767348,"2023 ago."
"ZS3",0,"2023 sep."
"ZS3",0,"2023 oct."
"ZS3",0,"2023 nov."
"ZS3",0,"2023 dic."
"ZS3",0,"2024 ene."
"ZS3",0,"2024 feb."
"ZS3",0,"2024 mar."
"ZS3",17.58970141183892,"2024 abr."
"ZS3",6.160859885364901,"2024 may."
"ZS3",0.44643912212789144,"2024 jun."
"ZS3",0,"2024 jul."
"ZS3",0,"2024 ago."
"ZS3",0,"2024 sep."
"ZS3",0.08928782442557828,"2024 oct."
"ZS3",0,"2024 nov."
"ZS3",0,"2024 dic."
"ZS3",0,"2025 ene."
"ZS3",0,"2025 feb."
"ZS3",0,"2025 mar."
